"date","IND","FREQ","DIM","obsValue"
2021-06-01,"GDP","Q","IT",2.566
2021-09-01,"GDP","Q","IT",2.77
2021-12-01,"GDP","Q","IT",0.795
2022-03-01,"GDP","Q","IT",0.09
2022-06-01,"GDP","Q","IT",1.386
2022-09-01,"GDP","Q","IT",0.337
2022-12-01,"GDP","Q","IT",-0.183
2023-03-01,"GDP","Q","IT",0.565
2023-06-01,"GDP","Q","IT",-0.381
2023-09-01,"GDP","Q","IT",0.043
2022-11-01,"IPI","M","IT",103.5
2022-12-01,"IPI","M","IT",104.4
2023-01-01,"IPI","M","IT",103.6
2023-02-01,"IPI","M","IT",103.6
2023-03-01,"IPI","M","IT",102.9
2023-04-01,"IPI","M","IT",100.8
2023-05-01,"IPI","M","IT",102.4
2023-06-01,"IPI","M","IT",102.9
2023-07-01,"IPI","M","IT",102
2023-08-01,"IPI","M","IT",102.2
2023-09-01,"IPI","M","IT",102.2
2023-10-01,"IPI","M","IT",102
2023-11-01,"IPI","M","IT",100.5
2022-10-01,"VRTSI","M","IT",98.7
2022-11-01,"VRTSI","M","IT",99
2022-12-01,"VRTSI","M","IT",98.1
2023-01-01,"VRTSI","M","IT",99.2
2023-02-01,"VRTSI","M","IT",98.1
2023-03-01,"VRTSI","M","IT",97.7
2023-04-01,"VRTSI","M","IT",97.4
2023-05-01,"VRTSI","M","IT",97.5
2023-06-01,"VRTSI","M","IT",96.9
2023-07-01,"VRTSI","M","IT",96.6
2023-08-01,"VRTSI","M","IT",96
2023-09-01,"VRTSI","M","IT",95.4
2023-10-01,"VRTSI","M","IT",95.7
2021-06-01,"GDP_COMP","Q","GDP_MP",18.052
2021-09-01,"GDP_COMP","Q","GDP_MP",6.676
2021-12-01,"GDP_COMP","Q","GDP_MP",7.964
2022-03-01,"GDP_COMP","Q","GDP_MP",6.345
2022-06-01,"GDP_COMP","Q","GDP_MP",5.133
2022-09-01,"GDP_COMP","Q","GDP_MP",2.608
2022-12-01,"GDP_COMP","Q","GDP_MP",1.634
2023-03-01,"GDP_COMP","Q","GDP_MP",2.123
2023-06-01,"GDP_COMP","Q","GDP_MP",0.34
2023-09-01,"GDP_COMP","Q","GDP_MP",0.138
2021-06-01,"GDP_COMP","Q","NFCE",8.555
2021-09-01,"GDP_COMP","Q","NFCE",2.655
2021-12-01,"GDP_COMP","Q","NFCE",4.531
2022-03-01,"GDP_COMP","Q","NFCE",4.999
2022-06-01,"GDP_COMP","Q","NFCE",3.52
2022-09-01,"GDP_COMP","Q","NFCE",2.445
2022-12-01,"GDP_COMP","Q","NFCE",1.117
2023-03-01,"GDP_COMP","Q","NFCE",2.116
2023-06-01,"GDP_COMP","Q","NFCE",0.823
2023-09-01,"GDP_COMP","Q","NFCE",-0.148
2021-06-01,"GDP_COMP","Q","FCE_H_NPISH",7.97
2021-09-01,"GDP_COMP","Q","FCE_H_NPISH",2.376
2021-12-01,"GDP_COMP","Q","FCE_H_NPISH",4.219
2022-03-01,"GDP_COMP","Q","FCE_H_NPISH",4.67
2022-06-01,"GDP_COMP","Q","FCE_H_NPISH",3.354
2022-09-01,"GDP_COMP","Q","FCE_H_NPISH",2.356
2022-12-01,"GDP_COMP","Q","FCE_H_NPISH",1.134
2023-03-01,"GDP_COMP","Q","FCE_H_NPISH",2.134
2023-06-01,"GDP_COMP","Q","FCE_H_NPISH",0.892
2023-09-01,"GDP_COMP","Q","FCE_H_NPISH",-0.084
2021-06-01,"GDP_COMP","Q","CGG",0.585
2021-09-01,"GDP_COMP","Q","CGG",0.279
2021-12-01,"GDP_COMP","Q","CGG",0.312
2022-03-01,"GDP_COMP","Q","CGG",0.329
2022-06-01,"GDP_COMP","Q","CGG",0.166
2022-09-01,"GDP_COMP","Q","CGG",0.09
2022-12-01,"GDP_COMP","Q","CGG",-0.017
2023-03-01,"GDP_COMP","Q","CGG",-0.018
2023-06-01,"GDP_COMP","Q","CGG",-0.069
2023-09-01,"GDP_COMP","Q","CGG",-0.065
2021-06-01,"GDP_COMP","Q","GFCF",6.914
2021-09-01,"GDP_COMP","Q","GFCF",2.56
2021-12-01,"GDP_COMP","Q","GFCF",3.058
2022-03-01,"GDP_COMP","Q","GFCF",2.869
2022-06-01,"GDP_COMP","Q","GFCF",2.43
2022-09-01,"GDP_COMP","Q","GFCF",1.693
2022-12-01,"GDP_COMP","Q","GFCF",1.306
2023-03-01,"GDP_COMP","Q","GFCF",0.755
2023-06-01,"GDP_COMP","Q","GFCF",-0.082
2023-09-01,"GDP_COMP","Q","GFCF",-0.054
2021-06-01,"GDP_COMP","Q","CIA",-0.617
2021-09-01,"GDP_COMP","Q","CIA",1.852
2021-12-01,"GDP_COMP","Q","CIA",1.259
2022-03-01,"GDP_COMP","Q","CIA",-1.077
2022-06-01,"GDP_COMP","Q","CIA",-0.033
2022-09-01,"GDP_COMP","Q","CIA",0.006
2022-12-01,"GDP_COMP","Q","CIA",-1.673
2023-03-01,"GDP_COMP","Q","CIA",-0.791
2023-06-01,"GDP_COMP","Q","CIA",0.545
2023-09-01,"GDP_COMP","Q","CIA",-0.647
2021-06-01,"GDP_COMP","Q","ND",15.469
2021-09-01,"GDP_COMP","Q","ND",5.215
2021-12-01,"GDP_COMP","Q","ND",7.589
2022-03-01,"GDP_COMP","Q","ND",7.868
2022-06-01,"GDP_COMP","Q","ND",5.95
2022-09-01,"GDP_COMP","Q","ND",4.138
2022-12-01,"GDP_COMP","Q","ND",2.423
2023-03-01,"GDP_COMP","Q","ND",2.871
2023-06-01,"GDP_COMP","Q","ND",0.741
2023-09-01,"GDP_COMP","Q","ND",-0.202
2021-06-01,"GDP_COMP","Q","EBGS",3.2
2021-09-01,"GDP_COMP","Q","EBGS",-0.39
2021-12-01,"GDP_COMP","Q","EBGS",-0.885
2022-03-01,"GDP_COMP","Q","EBGS",-0.446
2022-06-01,"GDP_COMP","Q","EBGS",-0.784
2022-09-01,"GDP_COMP","Q","EBGS",-1.536
2022-12-01,"GDP_COMP","Q","EBGS",0.884
2023-03-01,"GDP_COMP","Q","EBGS",0.043
2023-06-01,"GDP_COMP","Q","EBGS",-0.945
2023-09-01,"GDP_COMP","Q","EBGS",0.988
2022-11-01,"IPPI","M","IT",137.4
2022-12-01,"IPPI","M","IT",136.3
2023-01-01,"IPPI","M","IT",136.6
2023-02-01,"IPPI","M","IT",136
2023-03-01,"IPPI","M","IT",135.4
2023-04-01,"IPPI","M","IT",134.6
2023-05-01,"IPPI","M","IT",133.6
2023-06-01,"IPPI","M","IT",132.5
2023-07-01,"IPPI","M","IT",130.6
2023-08-01,"IPPI","M","IT",130.5
2023-09-01,"IPPI","M","IT",129.9
2023-10-01,"IPPI","M","IT",129.1
2023-11-01,"IPPI","M","IT",128.5
2022-12-01,"CPI","M","IT",119
2023-01-01,"CPI","M","IT",119.1
2023-02-01,"CPI","M","IT",119.3
2023-03-01,"CPI","M","IT",118.8
2023-04-01,"CPI","M","IT",119.3
2023-05-01,"CPI","M","IT",119.7
2023-06-01,"CPI","M","IT",119.7
2023-07-01,"CPI","M","IT",119.7
2023-08-01,"CPI","M","IT",120.1
2023-09-01,"CPI","M","IT",120.3
2023-10-01,"CPI","M","IT",120.1
2023-11-01,"CPI","M","IT",119.5
2023-12-01,"CPI","M","IT",119.7
2022-12-01,"CPI","M","ITC",118.3
2023-01-01,"CPI","M","ITC",118.4
2023-02-01,"CPI","M","ITC",118.8
2023-03-01,"CPI","M","ITC",118.3
2023-04-01,"CPI","M","ITC",118.9
2023-05-01,"CPI","M","ITC",119.1
2023-06-01,"CPI","M","ITC",119.3
2023-07-01,"CPI","M","ITC",119.2
2023-08-01,"CPI","M","ITC",119.5
2023-09-01,"CPI","M","ITC",119.8
2023-10-01,"CPI","M","ITC",119.5
2023-11-01,"CPI","M","ITC",118.8
2023-12-01,"CPI","M","ITC",119.1
2022-12-01,"CPI","M","ITC1",118.4
2023-01-01,"CPI","M","ITC1",118.5
2023-02-01,"CPI","M","ITC1",118.8
2023-03-01,"CPI","M","ITC1",118.5
2023-04-01,"CPI","M","ITC1",119
2023-05-01,"CPI","M","ITC1",119.3
2023-06-01,"CPI","M","ITC1",119.1
2023-07-01,"CPI","M","ITC1",119.2
2023-08-01,"CPI","M","ITC1",119.5
2023-09-01,"CPI","M","ITC1",119.5
2023-10-01,"CPI","M","ITC1",119.5
2023-11-01,"CPI","M","ITC1",119.1
2023-12-01,"CPI","M","ITC1",119.3
2022-12-01,"CPI","M","ITC11",117.9
2023-01-01,"CPI","M","ITC11",118
2023-02-01,"CPI","M","ITC11",118.3
2023-03-01,"CPI","M","ITC11",118
2023-04-01,"CPI","M","ITC11",118.5
2023-05-01,"CPI","M","ITC11",118.7
2023-06-01,"CPI","M","ITC11",118.5
2023-07-01,"CPI","M","ITC11",118.6
2023-08-01,"CPI","M","ITC11",118.8
2023-09-01,"CPI","M","ITC11",118.9
2023-10-01,"CPI","M","ITC11",118.9
2023-11-01,"CPI","M","ITC11",118.7
2023-12-01,"CPI","M","ITC11",118.7
2022-12-01,"CPI","M","ITC12",116.8
2023-01-01,"CPI","M","ITC12",116.7
2023-02-01,"CPI","M","ITC12",117.1
2023-03-01,"CPI","M","ITC12",116.7
2023-04-01,"CPI","M","ITC12",117.1
2023-05-01,"CPI","M","ITC12",117.3
2023-06-01,"CPI","M","ITC12",117.4
2023-07-01,"CPI","M","ITC12",117.3
2023-08-01,"CPI","M","ITC12",117.9
2023-09-01,"CPI","M","ITC12",117.5
2023-10-01,"CPI","M","ITC12",117.6
2023-11-01,"CPI","M","ITC12",116.7
2023-12-01,"CPI","M","ITC12",116.9
2022-12-01,"CPI","M","ITC15",118.4
2023-01-01,"CPI","M","ITC15",118.6
2023-02-01,"CPI","M","ITC15",119
2023-03-01,"CPI","M","ITC15",118.9
2023-04-01,"CPI","M","ITC15",119.3
2023-05-01,"CPI","M","ITC15",119.7
2023-06-01,"CPI","M","ITC15",119.4
2023-07-01,"CPI","M","ITC15",119.5
2023-08-01,"CPI","M","ITC15",120
2023-09-01,"CPI","M","ITC15",120
2023-10-01,"CPI","M","ITC15",119.7
2023-11-01,"CPI","M","ITC15",118.9
2023-12-01,"CPI","M","ITC15",119.3
2022-12-01,"CPI","M","ITC16",118.5
2023-01-01,"CPI","M","ITC16",118.8
2023-02-01,"CPI","M","ITC16",119.1
2023-03-01,"CPI","M","ITC16",118.5
2023-04-01,"CPI","M","ITC16",119.1
2023-05-01,"CPI","M","ITC16",119.2
2023-06-01,"CPI","M","ITC16",119
2023-07-01,"CPI","M","ITC16",119.2
2023-08-01,"CPI","M","ITC16",119.8
2023-09-01,"CPI","M","ITC16",119.5
2023-10-01,"CPI","M","ITC16",119.5
2023-11-01,"CPI","M","ITC16",119.3
2023-12-01,"CPI","M","ITC16",119.7
2023-01-01,"CPI","M","ITC17",NA
2023-02-01,"CPI","M","ITC17",NA
2023-03-01,"CPI","M","ITC17",NA
2023-04-01,"CPI","M","ITC17",NA
2023-05-01,"CPI","M","ITC17",NA
2023-06-01,"CPI","M","ITC17",NA
2023-07-01,"CPI","M","ITC17",NA
2023-08-01,"CPI","M","ITC17",NA
2023-09-01,"CPI","M","ITC17",NA
2023-10-01,"CPI","M","ITC17",NA
2023-11-01,"CPI","M","ITC17",NA
2023-12-01,"CPI","M","ITC17",NA
2022-12-01,"CPI","M","ITC18",119.1
2023-01-01,"CPI","M","ITC18",119.1
2023-02-01,"CPI","M","ITC18",119.8
2023-03-01,"CPI","M","ITC18",119.5
2023-04-01,"CPI","M","ITC18",119.9
2023-05-01,"CPI","M","ITC18",120.3
2023-06-01,"CPI","M","ITC18",120.3
2023-07-01,"CPI","M","ITC18",120.4
2023-08-01,"CPI","M","ITC18",121
2023-09-01,"CPI","M","ITC18",121
2023-10-01,"CPI","M","ITC18",121.1
2023-11-01,"CPI","M","ITC18",120.6
2023-12-01,"CPI","M","ITC18",120.9
2022-12-01,"CPI","M","ITC13",118.4
2023-01-01,"CPI","M","ITC13",118.4
2023-02-01,"CPI","M","ITC13",118.4
2023-03-01,"CPI","M","ITC13",118.1
2023-04-01,"CPI","M","ITC13",118.6
2023-05-01,"CPI","M","ITC13",119.1
2023-06-01,"CPI","M","ITC13",118.9
2023-07-01,"CPI","M","ITC13",118.9
2023-08-01,"CPI","M","ITC13",119.3
2023-09-01,"CPI","M","ITC13",119
2023-10-01,"CPI","M","ITC13",118.8
2023-11-01,"CPI","M","ITC13",118.2
2023-12-01,"CPI","M","ITC13",118.4
2023-01-01,"CPI","M","ITC14",NA
2023-02-01,"CPI","M","ITC14",NA
2023-03-01,"CPI","M","ITC14",NA
2023-04-01,"CPI","M","ITC14",NA
2023-05-01,"CPI","M","ITC14",NA
2023-06-01,"CPI","M","ITC14",NA
2023-07-01,"CPI","M","ITC14",NA
2023-08-01,"CPI","M","ITC14",NA
2023-09-01,"CPI","M","ITC14",NA
2023-10-01,"CPI","M","ITC14",NA
2023-11-01,"CPI","M","ITC14",NA
2023-12-01,"CPI","M","ITC14",NA
2022-12-01,"CPI","M","ITC2",115.3
2023-01-01,"CPI","M","ITC2",116.6
2023-02-01,"CPI","M","ITC2",116.8
2023-03-01,"CPI","M","ITC2",116.9
2023-04-01,"CPI","M","ITC2",117.2
2023-05-01,"CPI","M","ITC2",117
2023-06-01,"CPI","M","ITC2",116.5
2023-07-01,"CPI","M","ITC2",117
2023-08-01,"CPI","M","ITC2",117.9
2023-09-01,"CPI","M","ITC2",117
2023-10-01,"CPI","M","ITC2",116.4
2023-11-01,"CPI","M","ITC2",115.4
2023-12-01,"CPI","M","ITC2",116.5
2022-12-01,"CPI","M","ITC20",115
2023-01-01,"CPI","M","ITC20",116.4
2023-02-01,"CPI","M","ITC20",116.6
2023-03-01,"CPI","M","ITC20",116.6
2023-04-01,"CPI","M","ITC20",116.9
2023-05-01,"CPI","M","ITC20",116.7
2023-06-01,"CPI","M","ITC20",116.2
2023-07-01,"CPI","M","ITC20",116.7
2023-08-01,"CPI","M","ITC20",117.6
2023-09-01,"CPI","M","ITC20",116.7
2023-10-01,"CPI","M","ITC20",116.1
2023-11-01,"CPI","M","ITC20",115.1
2023-12-01,"CPI","M","ITC20",116.2
2022-12-01,"CPI","M","ITC3",122.7
2023-01-01,"CPI","M","ITC3",122.7
2023-02-01,"CPI","M","ITC3",122.8
2023-03-01,"CPI","M","ITC3",122.4
2023-04-01,"CPI","M","ITC3",122.5
2023-05-01,"CPI","M","ITC3",122.9
2023-06-01,"CPI","M","ITC3",123
2023-07-01,"CPI","M","ITC3",123.6
2023-08-01,"CPI","M","ITC3",123.7
2023-09-01,"CPI","M","ITC3",123.6
2023-10-01,"CPI","M","ITC3",123.1
2023-11-01,"CPI","M","ITC3",122.1
2023-12-01,"CPI","M","ITC3",122.3
2022-12-01,"CPI","M","ITC31",119.6
2023-01-01,"CPI","M","ITC31",119.5
2023-02-01,"CPI","M","ITC31",119.6
2023-03-01,"CPI","M","ITC31",119.1
2023-04-01,"CPI","M","ITC31",119.1
2023-05-01,"CPI","M","ITC31",119.5
2023-06-01,"CPI","M","ITC31",119.5
2023-07-01,"CPI","M","ITC31",120
2023-08-01,"CPI","M","ITC31",120.3
2023-09-01,"CPI","M","ITC31",119.9
2023-10-01,"CPI","M","ITC31",119.3
2023-11-01,"CPI","M","ITC31",118.6
2023-12-01,"CPI","M","ITC31",118.9
2023-01-01,"CPI","M","ITC32",NA
2023-02-01,"CPI","M","ITC32",NA
2023-03-01,"CPI","M","ITC32",NA
2023-04-01,"CPI","M","ITC32",NA
2023-05-01,"CPI","M","ITC32",NA
2023-06-01,"CPI","M","ITC32",NA
2023-07-01,"CPI","M","ITC32",NA
2023-08-01,"CPI","M","ITC32",NA
2023-09-01,"CPI","M","ITC32",NA
2023-10-01,"CPI","M","ITC32",NA
2023-11-01,"CPI","M","ITC32",NA
2023-12-01,"CPI","M","ITC32",NA
2022-12-01,"CPI","M","ITC33",122.9
2023-01-01,"CPI","M","ITC33",123
2023-02-01,"CPI","M","ITC33",123.1
2023-03-01,"CPI","M","ITC33",122.7
2023-04-01,"CPI","M","ITC33",122.8
2023-05-01,"CPI","M","ITC33",123.2
2023-06-01,"CPI","M","ITC33",123.5
2023-07-01,"CPI","M","ITC33",124.1
2023-08-01,"CPI","M","ITC33",124.1
2023-09-01,"CPI","M","ITC33",124
2023-10-01,"CPI","M","ITC33",123.5
2023-11-01,"CPI","M","ITC33",122.4
2023-12-01,"CPI","M","ITC33",122.6
2022-12-01,"CPI","M","ITC34",120.8
2023-01-01,"CPI","M","ITC34",NA
2023-02-01,"CPI","M","ITC34",NA
2022-12-01,"CPI","M","ITC4",117.6
2023-01-01,"CPI","M","ITC4",117.8
2023-02-01,"CPI","M","ITC4",118.2
2023-03-01,"CPI","M","ITC4",117.7
2023-04-01,"CPI","M","ITC4",118.3
2023-05-01,"CPI","M","ITC4",118.4
2023-06-01,"CPI","M","ITC4",118.8
2023-07-01,"CPI","M","ITC4",118.6
2023-08-01,"CPI","M","ITC4",118.9
2023-09-01,"CPI","M","ITC4",119.4
2023-10-01,"CPI","M","ITC4",119
2023-11-01,"CPI","M","ITC4",118.3
2023-12-01,"CPI","M","ITC4",118.6
2022-12-01,"CPI","M","ITC41",118
2023-01-01,"CPI","M","ITC41",118.3
2023-02-01,"CPI","M","ITC41",118.7
2023-03-01,"CPI","M","ITC41",118.2
2023-04-01,"CPI","M","ITC41",118.8
2023-05-01,"CPI","M","ITC41",118.8
2023-06-01,"CPI","M","ITC41",119.6
2023-07-01,"CPI","M","ITC41",119.6
2023-08-01,"CPI","M","ITC41",119.8
2023-09-01,"CPI","M","ITC41",120
2023-10-01,"CPI","M","ITC41",119.9
2023-11-01,"CPI","M","ITC41",119.3
2023-12-01,"CPI","M","ITC41",119.6
2022-12-01,"CPI","M","ITC42",113.4
2023-01-01,"CPI","M","ITC42",114
2023-02-01,"CPI","M","ITC42",114.2
2023-03-01,"CPI","M","ITC42",113.9
2023-04-01,"CPI","M","ITC42",114.8
2023-05-01,"CPI","M","ITC42",114.9
2023-06-01,"CPI","M","ITC42",115.2
2023-07-01,"CPI","M","ITC42",115.2
2023-08-01,"CPI","M","ITC42",115.9
2023-09-01,"CPI","M","ITC42",115.8
2023-10-01,"CPI","M","ITC42",115.2
2023-11-01,"CPI","M","ITC42",113.8
2023-12-01,"CPI","M","ITC42",113.9
2023-01-01,"CPI","M","ITC44",NA
2023-02-01,"CPI","M","ITC44",NA
2022-12-01,"CPI","M","ITC45",118.2
2023-01-01,"CPI","M","ITC45",118.4
2023-02-01,"CPI","M","ITC45",119.1
2023-03-01,"CPI","M","ITC45",118.4
2023-04-01,"CPI","M","ITC45",119.1
2023-05-01,"CPI","M","ITC45",119.1
2023-06-01,"CPI","M","ITC45",119.7
2023-07-01,"CPI","M","ITC45",119.2
2023-08-01,"CPI","M","ITC45",119.1
2023-09-01,"CPI","M","ITC45",120.7
2023-10-01,"CPI","M","ITC45",120.1
2023-11-01,"CPI","M","ITC45",119.3
2023-12-01,"CPI","M","ITC45",119.4
2022-12-01,"CPI","M","ITC46",115.7
2023-01-01,"CPI","M","ITC46",115.7
2023-02-01,"CPI","M","ITC46",115.8
2023-03-01,"CPI","M","ITC46",115.4
2023-04-01,"CPI","M","ITC46",115.9
2023-05-01,"CPI","M","ITC46",116.4
2023-06-01,"CPI","M","ITC46",116.3
2023-07-01,"CPI","M","ITC46",116.4
2023-08-01,"CPI","M","ITC46",116.8
2023-09-01,"CPI","M","ITC46",117.1
2023-10-01,"CPI","M","ITC46",116.8
2023-11-01,"CPI","M","ITC46",116.1
2023-12-01,"CPI","M","ITC46",116.3
2022-12-01,"CPI","M","ITC47",117.8
2023-01-01,"CPI","M","ITC47",117.9
2023-02-01,"CPI","M","ITC47",118.5
2023-03-01,"CPI","M","ITC47",117.8
2023-04-01,"CPI","M","ITC47",118.4
2023-05-01,"CPI","M","ITC47",118.6
2023-06-01,"CPI","M","ITC47",119
2023-07-01,"CPI","M","ITC47",118.7
2023-08-01,"CPI","M","ITC47",119.3
2023-09-01,"CPI","M","ITC47",118.5
2023-10-01,"CPI","M","ITC47",118.5
2023-11-01,"CPI","M","ITC47",118
2023-12-01,"CPI","M","ITC47",118.3
2022-12-01,"CPI","M","ITC48",118.1
2023-01-01,"CPI","M","ITC48",118.1
2023-02-01,"CPI","M","ITC48",118.4
2023-03-01,"CPI","M","ITC48",117.9
2023-04-01,"CPI","M","ITC48",118.5
2023-05-01,"CPI","M","ITC48",118.5
2023-06-01,"CPI","M","ITC48",118.6
2023-07-01,"CPI","M","ITC48",118.8
2023-08-01,"CPI","M","ITC48",119.1
2023-09-01,"CPI","M","ITC48",118.9
2023-10-01,"CPI","M","ITC48",118.6
2023-11-01,"CPI","M","ITC48",118.2
2023-12-01,"CPI","M","ITC48",118.5
2022-12-01,"CPI","M","ITC4A",116.4
2023-01-01,"CPI","M","ITC4A",116.2
2023-02-01,"CPI","M","ITC4A",116.2
2023-03-01,"CPI","M","ITC4A",115.5
2023-04-01,"CPI","M","ITC4A",116
2023-05-01,"CPI","M","ITC4A",116
2023-06-01,"CPI","M","ITC4A",116.2
2023-07-01,"CPI","M","ITC4A",116.2
2023-08-01,"CPI","M","ITC4A",116.7
2023-09-01,"CPI","M","ITC4A",116.5
2023-10-01,"CPI","M","ITC4A",116.3
2023-11-01,"CPI","M","ITC4A",115.9
2023-12-01,"CPI","M","ITC4A",116.1
2022-12-01,"CPI","M","ITC4B",117.4
2023-01-01,"CPI","M","ITC4B",117.7
2023-02-01,"CPI","M","ITC4B",118.1
2023-03-01,"CPI","M","ITC4B",117.6
2023-04-01,"CPI","M","ITC4B",118.5
2023-05-01,"CPI","M","ITC4B",118.3
2023-06-01,"CPI","M","ITC4B",118.2
2023-07-01,"CPI","M","ITC4B",118.3
2023-08-01,"CPI","M","ITC4B",118.8
2023-09-01,"CPI","M","ITC4B",119.2
2023-10-01,"CPI","M","ITC4B",118.6
2023-11-01,"CPI","M","ITC4B",118.1
2023-12-01,"CPI","M","ITC4B",118.3
2022-12-01,"CPI","M","ITC43",117.9
2023-01-01,"CPI","M","ITC43",117.9
2023-02-01,"CPI","M","ITC43",117.9
2023-03-01,"CPI","M","ITC43",117.7
2023-04-01,"CPI","M","ITC43",118.6
2023-05-01,"CPI","M","ITC43",118.6
2023-06-01,"CPI","M","ITC43",118.8
2023-07-01,"CPI","M","ITC43",118.9
2023-08-01,"CPI","M","ITC43",119.5
2023-09-01,"CPI","M","ITC43",119.6
2023-10-01,"CPI","M","ITC43",118.9
2023-11-01,"CPI","M","ITC43",118.3
2023-12-01,"CPI","M","ITC43",118.6
2022-12-01,"CPI","M","ITC49",118
2023-01-01,"CPI","M","ITC49",118.4
2023-02-01,"CPI","M","ITC49",118.4
2023-03-01,"CPI","M","ITC49",117.8
2023-04-01,"CPI","M","ITC49",118.2
2023-05-01,"CPI","M","ITC49",118
2023-06-01,"CPI","M","ITC49",118.1
2023-07-01,"CPI","M","ITC49",118.5
2023-08-01,"CPI","M","ITC49",118.9
2023-09-01,"CPI","M","ITC49",118.6
2023-10-01,"CPI","M","ITC49",118.7
2023-11-01,"CPI","M","ITC49",118.3
2023-12-01,"CPI","M","ITC49",118.8
2022-12-01,"CPI","M","ITD",119.3
2023-01-01,"CPI","M","ITD",119.7
2023-02-01,"CPI","M","ITD",119.6
2023-03-01,"CPI","M","ITD",119.1
2023-04-01,"CPI","M","ITD",119.7
2023-05-01,"CPI","M","ITD",120.1
2023-06-01,"CPI","M","ITD",120.1
2023-07-01,"CPI","M","ITD",120.2
2023-08-01,"CPI","M","ITD",120.7
2023-09-01,"CPI","M","ITD",120.8
2023-10-01,"CPI","M","ITD",120.5
2023-11-01,"CPI","M","ITD",119.9
2023-12-01,"CPI","M","ITD",120.3
2022-12-01,"CPI","M","ITDA",123.6
2023-01-01,"CPI","M","ITDA",124.4
2023-02-01,"CPI","M","ITDA",124.5
2023-03-01,"CPI","M","ITDA",124.5
2023-04-01,"CPI","M","ITDA",124.7
2023-05-01,"CPI","M","ITDA",124.9
2023-06-01,"CPI","M","ITDA",124.5
2023-07-01,"CPI","M","ITDA",124.7
2023-08-01,"CPI","M","ITDA",125.6
2023-09-01,"CPI","M","ITDA",124.5
2023-10-01,"CPI","M","ITDA",124
2023-11-01,"CPI","M","ITDA",123.4
2023-12-01,"CPI","M","ITDA",124.8
2022-12-01,"CPI","M","ITD1",125.7
2023-01-01,"CPI","M","ITD1",126.7
2023-02-01,"CPI","M","ITD1",126.7
2023-03-01,"CPI","M","ITD1",127
2023-04-01,"CPI","M","ITD1",127.2
2023-05-01,"CPI","M","ITD1",127.6
2023-06-01,"CPI","M","ITD1",127.2
2023-07-01,"CPI","M","ITD1",127.5
2023-08-01,"CPI","M","ITD1",128.1
2023-09-01,"CPI","M","ITD1",127.5
2023-10-01,"CPI","M","ITD1",127.1
2023-11-01,"CPI","M","ITD1",126.5
2023-12-01,"CPI","M","ITD1",127.7
2022-12-01,"CPI","M","ITD10",125.7
2023-01-01,"CPI","M","ITD10",126.7
2023-02-01,"CPI","M","ITD10",126.7
2023-03-01,"CPI","M","ITD10",127
2023-04-01,"CPI","M","ITD10",127.2
2023-05-01,"CPI","M","ITD10",127.6
2023-06-01,"CPI","M","ITD10",127.2
2023-07-01,"CPI","M","ITD10",127.5
2023-08-01,"CPI","M","ITD10",128.1
2023-09-01,"CPI","M","ITD10",127.5
2023-10-01,"CPI","M","ITD10",127.1
2023-11-01,"CPI","M","ITD10",126.5
2023-12-01,"CPI","M","ITD10",127.7
2022-12-01,"CPI","M","ITD2",122
2023-01-01,"CPI","M","ITD2",122.6
2023-02-01,"CPI","M","ITD2",122.7
2023-03-01,"CPI","M","ITD2",122.5
2023-04-01,"CPI","M","ITD2",122.7
2023-05-01,"CPI","M","ITD2",122.8
2023-06-01,"CPI","M","ITD2",122.3
2023-07-01,"CPI","M","ITD2",122.4
2023-08-01,"CPI","M","ITD2",123.6
2023-09-01,"CPI","M","ITD2",122
2023-10-01,"CPI","M","ITD2",121.3
2023-11-01,"CPI","M","ITD2",120.8
2023-12-01,"CPI","M","ITD2",122.5
2022-12-01,"CPI","M","ITD20",122
2023-01-01,"CPI","M","ITD20",122.6
2023-02-01,"CPI","M","ITD20",122.7
2023-03-01,"CPI","M","ITD20",122.5
2023-04-01,"CPI","M","ITD20",122.7
2023-05-01,"CPI","M","ITD20",122.8
2023-06-01,"CPI","M","ITD20",122.3
2023-07-01,"CPI","M","ITD20",122.4
2023-08-01,"CPI","M","ITD20",123.6
2023-09-01,"CPI","M","ITD20",122
2023-10-01,"CPI","M","ITD20",121.3
2023-11-01,"CPI","M","ITD20",120.8
2023-12-01,"CPI","M","ITD20",122.5
2022-12-01,"CPI","M","ITD3",118.5
2023-01-01,"CPI","M","ITD3",118.8
2023-02-01,"CPI","M","ITD3",118.9
2023-03-01,"CPI","M","ITD3",118.2
2023-04-01,"CPI","M","ITD3",119
2023-05-01,"CPI","M","ITD3",119.5
2023-06-01,"CPI","M","ITD3",119.5
2023-07-01,"CPI","M","ITD3",119.7
2023-08-01,"CPI","M","ITD3",120.1
2023-09-01,"CPI","M","ITD3",120.6
2023-10-01,"CPI","M","ITD3",120.2
2023-11-01,"CPI","M","ITD3",119.6
2023-12-01,"CPI","M","ITD3",119.7
2022-12-01,"CPI","M","ITD31",118.7
2023-01-01,"CPI","M","ITD31",118.4
2023-02-01,"CPI","M","ITD31",118.7
2023-03-01,"CPI","M","ITD31",118.1
2023-04-01,"CPI","M","ITD31",119.2
2023-05-01,"CPI","M","ITD31",119.4
2023-06-01,"CPI","M","ITD31",119.6
2023-07-01,"CPI","M","ITD31",120.2
2023-08-01,"CPI","M","ITD31",120.5
2023-09-01,"CPI","M","ITD31",120.8
2023-10-01,"CPI","M","ITD31",119.6
2023-11-01,"CPI","M","ITD31",119.4
2023-12-01,"CPI","M","ITD31",119.5
2022-12-01,"CPI","M","ITD32",118.2
2023-01-01,"CPI","M","ITD32",119.2
2023-02-01,"CPI","M","ITD32",118.3
2023-03-01,"CPI","M","ITD32",117.6
2023-04-01,"CPI","M","ITD32",118.2
2023-05-01,"CPI","M","ITD32",118.4
2023-06-01,"CPI","M","ITD32",118.4
2023-07-01,"CPI","M","ITD32",118.6
2023-08-01,"CPI","M","ITD32",119.2
2023-09-01,"CPI","M","ITD32",120
2023-10-01,"CPI","M","ITD32",119.4
2023-11-01,"CPI","M","ITD32",119.2
2023-12-01,"CPI","M","ITD32",119.2
2022-12-01,"CPI","M","ITD33",119
2023-01-01,"CPI","M","ITD33",119
2023-02-01,"CPI","M","ITD33",119.3
2023-03-01,"CPI","M","ITD33",118.8
2023-04-01,"CPI","M","ITD33",119.1
2023-05-01,"CPI","M","ITD33",119.4
2023-06-01,"CPI","M","ITD33",119.7
2023-07-01,"CPI","M","ITD33",120
2023-08-01,"CPI","M","ITD33",120.7
2023-09-01,"CPI","M","ITD33",120.5
2023-10-01,"CPI","M","ITD33",120.1
2023-11-01,"CPI","M","ITD33",119.9
2023-12-01,"CPI","M","ITD33",120.1
2022-12-01,"CPI","M","ITD34",119.6
2023-01-01,"CPI","M","ITD34",120
2023-02-01,"CPI","M","ITD34",120.1
2023-03-01,"CPI","M","ITD34",119.4
2023-04-01,"CPI","M","ITD34",119.9
2023-05-01,"CPI","M","ITD34",120.4
2023-06-01,"CPI","M","ITD34",120.3
2023-07-01,"CPI","M","ITD34",120.4
2023-08-01,"CPI","M","ITD34",120.7
2023-09-01,"CPI","M","ITD34",121.1
2023-10-01,"CPI","M","ITD34",121
2023-11-01,"CPI","M","ITD34",120.5
2023-12-01,"CPI","M","ITD34",120.9
2022-12-01,"CPI","M","ITD35",116.9
2023-01-01,"CPI","M","ITD35",117
2023-02-01,"CPI","M","ITD35",118.1
2023-03-01,"CPI","M","ITD35",117
2023-04-01,"CPI","M","ITD35",118.3
2023-05-01,"CPI","M","ITD35",119.2
2023-06-01,"CPI","M","ITD35",119.1
2023-07-01,"CPI","M","ITD35",119.4
2023-08-01,"CPI","M","ITD35",119.6
2023-09-01,"CPI","M","ITD35",120.6
2023-10-01,"CPI","M","ITD35",120.2
2023-11-01,"CPI","M","ITD35",118.4
2023-12-01,"CPI","M","ITD35",118.3
2022-12-01,"CPI","M","ITD36",120.1
2023-01-01,"CPI","M","ITD36",120.5
2023-02-01,"CPI","M","ITD36",120.3
2023-03-01,"CPI","M","ITD36",119.6
2023-04-01,"CPI","M","ITD36",120.2
2023-05-01,"CPI","M","ITD36",120.9
2023-06-01,"CPI","M","ITD36",120.8
2023-07-01,"CPI","M","ITD36",120.8
2023-08-01,"CPI","M","ITD36",121.1
2023-09-01,"CPI","M","ITD36",121.7
2023-10-01,"CPI","M","ITD36",121.6
2023-11-01,"CPI","M","ITD36",121.1
2023-12-01,"CPI","M","ITD36",121.3
2022-12-01,"CPI","M","ITD37",116.9
2023-01-01,"CPI","M","ITD37",116.9
2023-02-01,"CPI","M","ITD37",117
2023-03-01,"CPI","M","ITD37",116.4
2023-04-01,"CPI","M","ITD37",117.1
2023-05-01,"CPI","M","ITD37",117.6
2023-06-01,"CPI","M","ITD37",117.7
2023-07-01,"CPI","M","ITD37",117.9
2023-08-01,"CPI","M","ITD37",118.2
2023-09-01,"CPI","M","ITD37",118
2023-10-01,"CPI","M","ITD37",118
2023-11-01,"CPI","M","ITD37",117.6
2023-12-01,"CPI","M","ITD37",117.8
2022-12-01,"CPI","M","ITD4",118.9
2023-01-01,"CPI","M","ITD4",119.2
2023-02-01,"CPI","M","ITD4",119.5
2023-03-01,"CPI","M","ITD4",119
2023-04-01,"CPI","M","ITD4",119.6
2023-05-01,"CPI","M","ITD4",120
2023-06-01,"CPI","M","ITD4",119.9
2023-07-01,"CPI","M","ITD4",120
2023-08-01,"CPI","M","ITD4",120.6
2023-09-01,"CPI","M","ITD4",120.5
2023-10-01,"CPI","M","ITD4",120.6
2023-11-01,"CPI","M","ITD4",120.1
2023-12-01,"CPI","M","ITD4",120.4
2022-12-01,"CPI","M","ITD42",118.6
2023-01-01,"CPI","M","ITD42",118.9
2023-02-01,"CPI","M","ITD42",119.3
2023-03-01,"CPI","M","ITD42",118.8
2023-04-01,"CPI","M","ITD42",119.2
2023-05-01,"CPI","M","ITD42",119.5
2023-06-01,"CPI","M","ITD42",119.5
2023-07-01,"CPI","M","ITD42",119.5
2023-08-01,"CPI","M","ITD42",120.1
2023-09-01,"CPI","M","ITD42",119.9
2023-10-01,"CPI","M","ITD42",119.9
2023-11-01,"CPI","M","ITD42",119.5
2023-12-01,"CPI","M","ITD42",120
2022-12-01,"CPI","M","ITD43",117
2023-01-01,"CPI","M","ITD43",117.1
2023-02-01,"CPI","M","ITD43",117.2
2023-03-01,"CPI","M","ITD43",116.5
2023-04-01,"CPI","M","ITD43",117.3
2023-05-01,"CPI","M","ITD43",117.7
2023-06-01,"CPI","M","ITD43",117.7
2023-07-01,"CPI","M","ITD43",117.9
2023-08-01,"CPI","M","ITD43",118.3
2023-09-01,"CPI","M","ITD43",118.2
2023-10-01,"CPI","M","ITD43",117.9
2023-11-01,"CPI","M","ITD43",117.6
2023-12-01,"CPI","M","ITD43",117.7
2022-12-01,"CPI","M","ITD44",120.1
2023-01-01,"CPI","M","ITD44",120.3
2023-02-01,"CPI","M","ITD44",120.6
2023-03-01,"CPI","M","ITD44",120.3
2023-04-01,"CPI","M","ITD44",121.2
2023-05-01,"CPI","M","ITD44",122
2023-06-01,"CPI","M","ITD44",121.8
2023-07-01,"CPI","M","ITD44",122.1
2023-08-01,"CPI","M","ITD44",122.8
2023-09-01,"CPI","M","ITD44",122.6
2023-10-01,"CPI","M","ITD44",122.7
2023-11-01,"CPI","M","ITD44",121.7
2023-12-01,"CPI","M","ITD44",122.2
2022-12-01,"CPI","M","ITD41",119.4
2023-01-01,"CPI","M","ITD41",119.8
2023-02-01,"CPI","M","ITD41",119.9
2023-03-01,"CPI","M","ITD41",119.3
2023-04-01,"CPI","M","ITD41",119.9
2023-05-01,"CPI","M","ITD41",120.3
2023-06-01,"CPI","M","ITD41",120.1
2023-07-01,"CPI","M","ITD41",120.1
2023-08-01,"CPI","M","ITD41",120.5
2023-09-01,"CPI","M","ITD41",120.8
2023-10-01,"CPI","M","ITD41",121.2
2023-11-01,"CPI","M","ITD41",120.7
2023-12-01,"CPI","M","ITD41",120.9
2022-12-01,"CPI","M","ITD5",119.2
2023-01-01,"CPI","M","ITD5",119.6
2023-02-01,"CPI","M","ITD5",119.2
2023-03-01,"CPI","M","ITD5",118.7
2023-04-01,"CPI","M","ITD5",119.1
2023-05-01,"CPI","M","ITD5",119.6
2023-06-01,"CPI","M","ITD5",119.6
2023-07-01,"CPI","M","ITD5",119.7
2023-08-01,"CPI","M","ITD5",120.2
2023-09-01,"CPI","M","ITD5",120.2
2023-10-01,"CPI","M","ITD5",120.1
2023-11-01,"CPI","M","ITD5",119.5
2023-12-01,"CPI","M","ITD5",119.8
2022-12-01,"CPI","M","ITD51",117.2
2023-01-01,"CPI","M","ITD51",117.5
2023-02-01,"CPI","M","ITD51",117.2
2023-03-01,"CPI","M","ITD51",116.9
2023-04-01,"CPI","M","ITD51",117.1
2023-05-01,"CPI","M","ITD51",117.5
2023-06-01,"CPI","M","ITD51",117.4
2023-07-01,"CPI","M","ITD51",117.4
2023-08-01,"CPI","M","ITD51",118.1
2023-09-01,"CPI","M","ITD51",117.9
2023-10-01,"CPI","M","ITD51",117.9
2023-11-01,"CPI","M","ITD51",117.5
2023-12-01,"CPI","M","ITD51",117.7
2022-12-01,"CPI","M","ITD52",118.3
2023-01-01,"CPI","M","ITD52",118.6
2023-02-01,"CPI","M","ITD52",117.9
2023-03-01,"CPI","M","ITD52",117.8
2023-04-01,"CPI","M","ITD52",117.9
2023-05-01,"CPI","M","ITD52",118.1
2023-06-01,"CPI","M","ITD52",118.4
2023-07-01,"CPI","M","ITD52",118.2
2023-08-01,"CPI","M","ITD52",118.7
2023-09-01,"CPI","M","ITD52",118.8
2023-10-01,"CPI","M","ITD52",119.3
2023-11-01,"CPI","M","ITD52",118.4
2023-12-01,"CPI","M","ITD52",118.5
2022-12-01,"CPI","M","ITD53",118.9
2023-01-01,"CPI","M","ITD53",119.1
2023-02-01,"CPI","M","ITD53",118.6
2023-03-01,"CPI","M","ITD53",117.5
2023-04-01,"CPI","M","ITD53",118.2
2023-05-01,"CPI","M","ITD53",118.3
2023-06-01,"CPI","M","ITD53",118.5
2023-07-01,"CPI","M","ITD53",118.5
2023-08-01,"CPI","M","ITD53",118.8
2023-09-01,"CPI","M","ITD53",118.7
2023-10-01,"CPI","M","ITD53",118.6
2023-11-01,"CPI","M","ITD53",118.1
2023-12-01,"CPI","M","ITD53",118.6
2022-12-01,"CPI","M","ITD54",120.4
2023-01-01,"CPI","M","ITD54",121
2023-02-01,"CPI","M","ITD54",120.3
2023-03-01,"CPI","M","ITD54",119.9
2023-04-01,"CPI","M","ITD54",120.2
2023-05-01,"CPI","M","ITD54",120.9
2023-06-01,"CPI","M","ITD54",120.9
2023-07-01,"CPI","M","ITD54",120.7
2023-08-01,"CPI","M","ITD54",121.1
2023-09-01,"CPI","M","ITD54",121.5
2023-10-01,"CPI","M","ITD54",121.4
2023-11-01,"CPI","M","ITD54",120.7
2023-12-01,"CPI","M","ITD54",120.9
2022-12-01,"CPI","M","ITD55",119.4
2023-01-01,"CPI","M","ITD55",119.7
2023-02-01,"CPI","M","ITD55",119.6
2023-03-01,"CPI","M","ITD55",119.2
2023-04-01,"CPI","M","ITD55",119.9
2023-05-01,"CPI","M","ITD55",120.8
2023-06-01,"CPI","M","ITD55",120.5
2023-07-01,"CPI","M","ITD55",120.6
2023-08-01,"CPI","M","ITD55",120.6
2023-09-01,"CPI","M","ITD55",121.1
2023-10-01,"CPI","M","ITD55",121.1
2023-11-01,"CPI","M","ITD55",120.4
2023-12-01,"CPI","M","ITD55",120.6
2022-12-01,"CPI","M","ITD56",118.2
2023-01-01,"CPI","M","ITD56",118.6
2023-02-01,"CPI","M","ITD56",118.3
2023-03-01,"CPI","M","ITD56",118
2023-04-01,"CPI","M","ITD56",118.5
2023-05-01,"CPI","M","ITD56",118.6
2023-06-01,"CPI","M","ITD56",118.7
2023-07-01,"CPI","M","ITD56",118.9
2023-08-01,"CPI","M","ITD56",119.1
2023-09-01,"CPI","M","ITD56",119.4
2023-10-01,"CPI","M","ITD56",119.3
2023-11-01,"CPI","M","ITD56",118.8
2023-12-01,"CPI","M","ITD56",119.3
2022-12-01,"CPI","M","ITD57",119.7
2023-01-01,"CPI","M","ITD57",119.7
2023-02-01,"CPI","M","ITD57",119.8
2023-03-01,"CPI","M","ITD57",119.1
2023-04-01,"CPI","M","ITD57",119.7
2023-05-01,"CPI","M","ITD57",120.2
2023-06-01,"CPI","M","ITD57",120.1
2023-07-01,"CPI","M","ITD57",120.5
2023-08-01,"CPI","M","ITD57",121.2
2023-09-01,"CPI","M","ITD57",120.8
2023-10-01,"CPI","M","ITD57",120.2
2023-11-01,"CPI","M","ITD57",119.9
2023-12-01,"CPI","M","ITD57",120.2
2022-12-01,"CPI","M","ITD58",120.2
2023-01-01,"CPI","M","ITD58",120.5
2023-02-01,"CPI","M","ITD58",120.3
2023-03-01,"CPI","M","ITD58",119.8
2023-04-01,"CPI","M","ITD58",120.1
2023-05-01,"CPI","M","ITD58",120.1
2023-06-01,"CPI","M","ITD58",120.1
2023-07-01,"CPI","M","ITD58",120.4
2023-08-01,"CPI","M","ITD58",120.9
2023-09-01,"CPI","M","ITD58",120.8
2023-10-01,"CPI","M","ITD58",120.8
2023-11-01,"CPI","M","ITD58",120.5
2023-12-01,"CPI","M","ITD58",120.8
2022-12-01,"CPI","M","ITD59",118
2023-01-01,"CPI","M","ITD59",118.5
2023-02-01,"CPI","M","ITD59",117.8
2023-03-01,"CPI","M","ITD59",117.1
2023-04-01,"CPI","M","ITD59",117.7
2023-05-01,"CPI","M","ITD59",118
2023-06-01,"CPI","M","ITD59",118.9
2023-07-01,"CPI","M","ITD59",119.5
2023-08-01,"CPI","M","ITD59",120.9
2023-09-01,"CPI","M","ITD59",119.4
2023-10-01,"CPI","M","ITD59",119
2023-11-01,"CPI","M","ITD59",118.4
2023-12-01,"CPI","M","ITD59",119.1
2022-12-01,"CPI","M","ITE",117.8
2023-01-01,"CPI","M","ITE",118
2023-02-01,"CPI","M","ITE",118.1
2023-03-01,"CPI","M","ITE",118
2023-04-01,"CPI","M","ITE",118.5
2023-05-01,"CPI","M","ITE",119
2023-06-01,"CPI","M","ITE",119.1
2023-07-01,"CPI","M","ITE",119.2
2023-08-01,"CPI","M","ITE",119.3
2023-09-01,"CPI","M","ITE",119.6
2023-10-01,"CPI","M","ITE",119.5
2023-11-01,"CPI","M","ITE",118.7
2023-12-01,"CPI","M","ITE",118.8
2022-12-01,"CPI","M","ITE1",119.5
2023-01-01,"CPI","M","ITE1",119.4
2023-02-01,"CPI","M","ITE1",119.6
2023-03-01,"CPI","M","ITE1",119.3
2023-04-01,"CPI","M","ITE1",119.8
2023-05-01,"CPI","M","ITE1",120.4
2023-06-01,"CPI","M","ITE1",120.8
2023-07-01,"CPI","M","ITE1",120.9
2023-08-01,"CPI","M","ITE1",121.3
2023-09-01,"CPI","M","ITE1",121.4
2023-10-01,"CPI","M","ITE1",121.1
2023-11-01,"CPI","M","ITE1",120.3
2023-12-01,"CPI","M","ITE1",120
2022-12-01,"CPI","M","ITE11",116.4
2023-01-01,"CPI","M","ITE11",116.4
2023-02-01,"CPI","M","ITE11",116.7
2023-03-01,"CPI","M","ITE11",116.1
2023-04-01,"CPI","M","ITE11",116.6
2023-05-01,"CPI","M","ITE11",116.7
2023-06-01,"CPI","M","ITE11",117.1
2023-07-01,"CPI","M","ITE11",117.3
2023-08-01,"CPI","M","ITE11",118.2
2023-09-01,"CPI","M","ITE11",117.5
2023-10-01,"CPI","M","ITE11",117
2023-11-01,"CPI","M","ITE11",116.8
2023-12-01,"CPI","M","ITE11",116.9
2022-12-01,"CPI","M","ITE12",118.4
2023-01-01,"CPI","M","ITE12",118.9
2023-02-01,"CPI","M","ITE12",118.9
2023-03-01,"CPI","M","ITE12",118.7
2023-04-01,"CPI","M","ITE12",118.7
2023-05-01,"CPI","M","ITE12",119
2023-06-01,"CPI","M","ITE12",119.6
2023-07-01,"CPI","M","ITE12",120.5
2023-08-01,"CPI","M","ITE12",120.4
2023-09-01,"CPI","M","ITE12",120.3
2023-10-01,"CPI","M","ITE12",119.6
2023-11-01,"CPI","M","ITE12",118.9
2023-12-01,"CPI","M","ITE12",119
2022-12-01,"CPI","M","ITE13",121.2
2023-01-01,"CPI","M","ITE13",121.4
2023-02-01,"CPI","M","ITE13",121.6
2023-03-01,"CPI","M","ITE13",121.2
2023-04-01,"CPI","M","ITE13",121.4
2023-05-01,"CPI","M","ITE13",121.5
2023-06-01,"CPI","M","ITE13",121.7
2023-07-01,"CPI","M","ITE13",122
2023-08-01,"CPI","M","ITE13",122.4
2023-09-01,"CPI","M","ITE13",122.3
2023-10-01,"CPI","M","ITE13",122.5
2023-11-01,"CPI","M","ITE13",121.8
2023-12-01,"CPI","M","ITE13",121.3
2022-12-01,"CPI","M","ITE14",118.3
2023-01-01,"CPI","M","ITE14",118.1
2023-02-01,"CPI","M","ITE14",118
2023-03-01,"CPI","M","ITE14",117.8
2023-04-01,"CPI","M","ITE14",118.8
2023-05-01,"CPI","M","ITE14",119.7
2023-06-01,"CPI","M","ITE14",120.5
2023-07-01,"CPI","M","ITE14",120
2023-08-01,"CPI","M","ITE14",119.9
2023-09-01,"CPI","M","ITE14",120.8
2023-10-01,"CPI","M","ITE14",120.6
2023-11-01,"CPI","M","ITE14",119.1
2023-12-01,"CPI","M","ITE14",118.7
2022-12-01,"CPI","M","ITE16",119.6
2023-01-01,"CPI","M","ITE16",119.4
2023-02-01,"CPI","M","ITE16",119.9
2023-03-01,"CPI","M","ITE16",119.8
2023-04-01,"CPI","M","ITE16",120.2
2023-05-01,"CPI","M","ITE16",120.6
2023-06-01,"CPI","M","ITE16",121
2023-07-01,"CPI","M","ITE16",121.2
2023-08-01,"CPI","M","ITE16",122.1
2023-09-01,"CPI","M","ITE16",121.8
2023-10-01,"CPI","M","ITE16",120.8
2023-11-01,"CPI","M","ITE16",120.5
2023-12-01,"CPI","M","ITE16",120.5
2022-12-01,"CPI","M","ITE17",114.8
2023-01-01,"CPI","M","ITE17",114.7
2023-02-01,"CPI","M","ITE17",115.1
2023-03-01,"CPI","M","ITE17",115
2023-04-01,"CPI","M","ITE17",115.4
2023-05-01,"CPI","M","ITE17",116
2023-06-01,"CPI","M","ITE17",116.2
2023-07-01,"CPI","M","ITE17",116.6
2023-08-01,"CPI","M","ITE17",117.4
2023-09-01,"CPI","M","ITE17",117
2023-10-01,"CPI","M","ITE17",117.1
2023-11-01,"CPI","M","ITE17",116.5
2023-12-01,"CPI","M","ITE17",115.9
2022-12-01,"CPI","M","ITE18",121
2023-01-01,"CPI","M","ITE18",120.6
2023-02-01,"CPI","M","ITE18",120.6
2023-03-01,"CPI","M","ITE18",120.3
2023-04-01,"CPI","M","ITE18",120.4
2023-05-01,"CPI","M","ITE18",121.2
2023-06-01,"CPI","M","ITE18",121.2
2023-07-01,"CPI","M","ITE18",121.6
2023-08-01,"CPI","M","ITE18",121.9
2023-09-01,"CPI","M","ITE18",122.1
2023-10-01,"CPI","M","ITE18",121.9
2023-11-01,"CPI","M","ITE18",121.6
2023-12-01,"CPI","M","ITE18",121.5
2022-12-01,"CPI","M","ITE19",119.6
2023-01-01,"CPI","M","ITE19",119.8
2023-02-01,"CPI","M","ITE19",119.9
2023-03-01,"CPI","M","ITE19",120
2023-04-01,"CPI","M","ITE19",120.2
2023-05-01,"CPI","M","ITE19",120.9
2023-06-01,"CPI","M","ITE19",120.9
2023-07-01,"CPI","M","ITE19",121.3
2023-08-01,"CPI","M","ITE19",121.6
2023-09-01,"CPI","M","ITE19",121.9
2023-10-01,"CPI","M","ITE19",121.9
2023-11-01,"CPI","M","ITE19",120.4
2023-12-01,"CPI","M","ITE19",119.7
2022-12-01,"CPI","M","ITE1A",123.5
2023-01-01,"CPI","M","ITE1A",123.3
2023-02-01,"CPI","M","ITE1A",123.9
2023-03-01,"CPI","M","ITE1A",123.7
2023-04-01,"CPI","M","ITE1A",124.1
2023-05-01,"CPI","M","ITE1A",124.5
2023-06-01,"CPI","M","ITE1A",125
2023-07-01,"CPI","M","ITE1A",125.5
2023-08-01,"CPI","M","ITE1A",126.6
2023-09-01,"CPI","M","ITE1A",125.9
2023-10-01,"CPI","M","ITE1A",125.2
2023-11-01,"CPI","M","ITE1A",124.7
2023-12-01,"CPI","M","ITE1A",124.7
2023-01-01,"CPI","M","ITE15",NA
2023-02-01,"CPI","M","ITE15",NA
2023-03-01,"CPI","M","ITE15",NA
2023-04-01,"CPI","M","ITE15",NA
2023-05-01,"CPI","M","ITE15",NA
2023-06-01,"CPI","M","ITE15",NA
2023-07-01,"CPI","M","ITE15",NA
2023-08-01,"CPI","M","ITE15",NA
2023-09-01,"CPI","M","ITE15",NA
2023-10-01,"CPI","M","ITE15",NA
2023-11-01,"CPI","M","ITE15",NA
2023-12-01,"CPI","M","ITE15",NA
2022-12-01,"CPI","M","ITE2",119.7
2023-01-01,"CPI","M","ITE2",119.9
2023-02-01,"CPI","M","ITE2",120.3
2023-03-01,"CPI","M","ITE2",120
2023-04-01,"CPI","M","ITE2",120.5
2023-05-01,"CPI","M","ITE2",120.8
2023-06-01,"CPI","M","ITE2",121
2023-07-01,"CPI","M","ITE2",121.1
2023-08-01,"CPI","M","ITE2",121.4
2023-09-01,"CPI","M","ITE2",121.4
2023-10-01,"CPI","M","ITE2",121.4
2023-11-01,"CPI","M","ITE2",121
2023-12-01,"CPI","M","ITE2",121.4
2022-12-01,"CPI","M","ITE21",119.6
2023-01-01,"CPI","M","ITE21",119.8
2023-02-01,"CPI","M","ITE21",120.3
2023-03-01,"CPI","M","ITE21",120.1
2023-04-01,"CPI","M","ITE21",120.6
2023-05-01,"CPI","M","ITE21",120.8
2023-06-01,"CPI","M","ITE21",121
2023-07-01,"CPI","M","ITE21",121.2
2023-08-01,"CPI","M","ITE21",121.5
2023-09-01,"CPI","M","ITE21",121.3
2023-10-01,"CPI","M","ITE21",121.5
2023-11-01,"CPI","M","ITE21",121.1
2023-12-01,"CPI","M","ITE21",121.5
2022-12-01,"CPI","M","ITE22",119.8
2023-01-01,"CPI","M","ITE22",120
2023-02-01,"CPI","M","ITE22",120.3
2023-03-01,"CPI","M","ITE22",119.7
2023-04-01,"CPI","M","ITE22",120.3
2023-05-01,"CPI","M","ITE22",120.9
2023-06-01,"CPI","M","ITE22",120.8
2023-07-01,"CPI","M","ITE22",120.9
2023-08-01,"CPI","M","ITE22",121.3
2023-09-01,"CPI","M","ITE22",121.7
2023-10-01,"CPI","M","ITE22",121.2
2023-11-01,"CPI","M","ITE22",120.5
2023-12-01,"CPI","M","ITE22",120.9
2022-12-01,"CPI","M","ITE3",117.4
2023-01-01,"CPI","M","ITE3",117.7
2023-02-01,"CPI","M","ITE3",117.9
2023-03-01,"CPI","M","ITE3",117.5
2023-04-01,"CPI","M","ITE3",117.6
2023-05-01,"CPI","M","ITE3",117.9
2023-06-01,"CPI","M","ITE3",117.9
2023-07-01,"CPI","M","ITE3",118.2
2023-08-01,"CPI","M","ITE3",118.8
2023-09-01,"CPI","M","ITE3",118.5
2023-10-01,"CPI","M","ITE3",118.3
2023-11-01,"CPI","M","ITE3",117.9
2023-12-01,"CPI","M","ITE3",118.2
2023-01-01,"CPI","M","ITE31",NA
2023-02-01,"CPI","M","ITE31",NA
2022-12-01,"CPI","M","ITE32",114.5
2023-01-01,"CPI","M","ITE32",114.7
2023-02-01,"CPI","M","ITE32",114.8
2023-03-01,"CPI","M","ITE32",114.4
2023-04-01,"CPI","M","ITE32",114.3
2023-05-01,"CPI","M","ITE32",114.6
2023-06-01,"CPI","M","ITE32",114.6
2023-07-01,"CPI","M","ITE32",115
2023-08-01,"CPI","M","ITE32",115.5
2023-09-01,"CPI","M","ITE32",115
2023-10-01,"CPI","M","ITE32",114.7
2023-11-01,"CPI","M","ITE32",114.2
2023-12-01,"CPI","M","ITE32",114.4
2022-12-01,"CPI","M","ITE33",120.2
2023-01-01,"CPI","M","ITE33",120.4
2023-02-01,"CPI","M","ITE33",120.6
2023-03-01,"CPI","M","ITE33",120.2
2023-04-01,"CPI","M","ITE33",120.3
2023-05-01,"CPI","M","ITE33",120.3
2023-06-01,"CPI","M","ITE33",120.3
2023-07-01,"CPI","M","ITE33",120.4
2023-08-01,"CPI","M","ITE33",121
2023-09-01,"CPI","M","ITE33",121.1
2023-10-01,"CPI","M","ITE33",121.1
2023-11-01,"CPI","M","ITE33",120.9
2023-12-01,"CPI","M","ITE33",121.3
2022-12-01,"CPI","M","ITE34",120
2023-01-01,"CPI","M","ITE34",120.5
2023-02-01,"CPI","M","ITE34",120.7
2023-03-01,"CPI","M","ITE34",120.7
2023-04-01,"CPI","M","ITE34",121.3
2023-05-01,"CPI","M","ITE34",121.5
2023-06-01,"CPI","M","ITE34",121.8
2023-07-01,"CPI","M","ITE34",122
2023-08-01,"CPI","M","ITE34",122.6
2023-09-01,"CPI","M","ITE34",122.2
2023-10-01,"CPI","M","ITE34",121.9
2023-11-01,"CPI","M","ITE34",121.6
2023-12-01,"CPI","M","ITE34",121.7
2022-12-01,"CPI","M","ITE4",116.5
2023-01-01,"CPI","M","ITE4",116.7
2023-02-01,"CPI","M","ITE4",116.8
2023-03-01,"CPI","M","ITE4",116.8
2023-04-01,"CPI","M","ITE4",117.5
2023-05-01,"CPI","M","ITE4",118.1
2023-06-01,"CPI","M","ITE4",118
2023-07-01,"CPI","M","ITE4",117.8
2023-08-01,"CPI","M","ITE4",117.8
2023-09-01,"CPI","M","ITE4",118.4
2023-10-01,"CPI","M","ITE4",118.3
2023-11-01,"CPI","M","ITE4",117.3
2023-12-01,"CPI","M","ITE4",117.6
2022-12-01,"CPI","M","ITE41",116.8
2023-01-01,"CPI","M","ITE41",117.4
2023-02-01,"CPI","M","ITE41",117.5
2023-03-01,"CPI","M","ITE41",117.2
2023-04-01,"CPI","M","ITE41",118.2
2023-05-01,"CPI","M","ITE41",118.5
2023-06-01,"CPI","M","ITE41",118.3
2023-07-01,"CPI","M","ITE41",118.4
2023-08-01,"CPI","M","ITE41",119
2023-09-01,"CPI","M","ITE41",118.9
2023-10-01,"CPI","M","ITE41",118.4
2023-11-01,"CPI","M","ITE41",118.1
2023-12-01,"CPI","M","ITE41",118.4
2023-01-01,"CPI","M","ITE42",NA
2023-02-01,"CPI","M","ITE42",NA
2022-12-01,"CPI","M","ITE43",116.4
2023-01-01,"CPI","M","ITE43",116.6
2023-02-01,"CPI","M","ITE43",116.7
2023-03-01,"CPI","M","ITE43",116.7
2023-04-01,"CPI","M","ITE43",117.4
2023-05-01,"CPI","M","ITE43",118
2023-06-01,"CPI","M","ITE43",117.9
2023-07-01,"CPI","M","ITE43",117.7
2023-08-01,"CPI","M","ITE43",117.6
2023-09-01,"CPI","M","ITE43",118.2
2023-10-01,"CPI","M","ITE43",118.2
2023-11-01,"CPI","M","ITE43",117.1
2023-12-01,"CPI","M","ITE43",117.5
2023-01-01,"CPI","M","ITE44",NA
2023-02-01,"CPI","M","ITE44",NA
2023-01-01,"CPI","M","ITE45",NA
2023-02-01,"CPI","M","ITE45",NA
2023-03-01,"CPI","M","ITE45",NA
2023-04-01,"CPI","M","ITE45",NA
2023-05-01,"CPI","M","ITE45",NA
2023-06-01,"CPI","M","ITE45",NA
2023-07-01,"CPI","M","ITE45",NA
2023-08-01,"CPI","M","ITE45",NA
2023-09-01,"CPI","M","ITE45",NA
2023-10-01,"CPI","M","ITE45",NA
2023-11-01,"CPI","M","ITE45",NA
2023-12-01,"CPI","M","ITE45",NA
2022-12-01,"CPI","M","ITF",120
2023-01-01,"CPI","M","ITF",119.8
2023-02-01,"CPI","M","ITF",120.1
2023-03-01,"CPI","M","ITF",119.3
2023-04-01,"CPI","M","ITF",119.8
2023-05-01,"CPI","M","ITF",120.1
2023-06-01,"CPI","M","ITF",119.9
2023-07-01,"CPI","M","ITF",120
2023-08-01,"CPI","M","ITF",120.4
2023-09-01,"CPI","M","ITF",120.6
2023-10-01,"CPI","M","ITF",120.6
2023-11-01,"CPI","M","ITF",120.2
2023-12-01,"CPI","M","ITF",120.3
2022-12-01,"CPI","M","ITF1",121.6
2023-01-01,"CPI","M","ITF1",121.6
2023-02-01,"CPI","M","ITF1",121.9
2023-03-01,"CPI","M","ITF1",121.2
2023-04-01,"CPI","M","ITF1",121.5
2023-05-01,"CPI","M","ITF1",121.4
2023-06-01,"CPI","M","ITF1",121
2023-07-01,"CPI","M","ITF1",121.2
2023-08-01,"CPI","M","ITF1",121.6
2023-09-01,"CPI","M","ITF1",121.5
2023-10-01,"CPI","M","ITF1",121.4
2023-11-01,"CPI","M","ITF1",120.9
2023-12-01,"CPI","M","ITF1",120.9
2023-01-01,"CPI","M","ITF11",NA
2023-02-01,"CPI","M","ITF11",NA
2023-03-01,"CPI","M","ITF11",NA
2023-04-01,"CPI","M","ITF11",NA
2023-05-01,"CPI","M","ITF11",NA
2023-06-01,"CPI","M","ITF11",NA
2023-07-01,"CPI","M","ITF11",NA
2023-08-01,"CPI","M","ITF11",NA
2023-09-01,"CPI","M","ITF11",NA
2023-10-01,"CPI","M","ITF11",NA
2023-11-01,"CPI","M","ITF11",NA
2023-12-01,"CPI","M","ITF11",NA
2022-12-01,"CPI","M","ITF12",115.9
2023-01-01,"CPI","M","ITF12",116
2023-02-01,"CPI","M","ITF12",116.4
2023-03-01,"CPI","M","ITF12",115.9
2023-04-01,"CPI","M","ITF12",116.3
2023-05-01,"CPI","M","ITF12",116.2
2023-06-01,"CPI","M","ITF12",115.9
2023-07-01,"CPI","M","ITF12",116
2023-08-01,"CPI","M","ITF12",116.5
2023-09-01,"CPI","M","ITF12",116.6
2023-10-01,"CPI","M","ITF12",116.6
2023-11-01,"CPI","M","ITF12",116
2023-12-01,"CPI","M","ITF12",116.1
2022-12-01,"CPI","M","ITF13",121.4
2023-01-01,"CPI","M","ITF13",121.4
2023-02-01,"CPI","M","ITF13",121.5
2023-03-01,"CPI","M","ITF13",120.6
2023-04-01,"CPI","M","ITF13",120.8
2023-05-01,"CPI","M","ITF13",120.7
2023-06-01,"CPI","M","ITF13",120.4
2023-07-01,"CPI","M","ITF13",120.6
2023-08-01,"CPI","M","ITF13",121
2023-09-01,"CPI","M","ITF13",120.8
2023-10-01,"CPI","M","ITF13",120.5
2023-11-01,"CPI","M","ITF13",120
2023-12-01,"CPI","M","ITF13",119.8
2023-01-01,"CPI","M","ITF14",NA
2023-02-01,"CPI","M","ITF14",NA
2023-03-01,"CPI","M","ITF14",NA
2023-04-01,"CPI","M","ITF14",NA
2023-05-01,"CPI","M","ITF14",NA
2023-06-01,"CPI","M","ITF14",NA
2023-07-01,"CPI","M","ITF14",NA
2023-08-01,"CPI","M","ITF14",NA
2023-09-01,"CPI","M","ITF14",NA
2023-10-01,"CPI","M","ITF14",NA
2023-11-01,"CPI","M","ITF14",NA
2023-12-01,"CPI","M","ITF14",NA
2022-12-01,"CPI","M","ITF2",117.3
2023-01-01,"CPI","M","ITF2",117.1
2023-02-01,"CPI","M","ITF2",117.4
2023-03-01,"CPI","M","ITF2",116.4
2023-04-01,"CPI","M","ITF2",116.6
2023-05-01,"CPI","M","ITF2",116.9
2023-06-01,"CPI","M","ITF2",116.6
2023-07-01,"CPI","M","ITF2",116.5
2023-08-01,"CPI","M","ITF2",116.9
2023-09-01,"CPI","M","ITF2",116.9
2023-10-01,"CPI","M","ITF2",116.7
2023-11-01,"CPI","M","ITF2",116.1
2023-12-01,"CPI","M","ITF2",116.1
2022-12-01,"CPI","M","ITF22",115
2023-01-01,"CPI","M","ITF22",114.8
2023-02-01,"CPI","M","ITF22",115
2023-03-01,"CPI","M","ITF22",114
2023-04-01,"CPI","M","ITF22",114.2
2023-05-01,"CPI","M","ITF22",114.5
2023-06-01,"CPI","M","ITF22",114.2
2023-07-01,"CPI","M","ITF22",114.1
2023-08-01,"CPI","M","ITF22",114.5
2023-09-01,"CPI","M","ITF22",114.4
2023-10-01,"CPI","M","ITF22",114.2
2023-11-01,"CPI","M","ITF22",113.6
2023-12-01,"CPI","M","ITF22",113.6
2023-01-01,"CPI","M","ITF21",NA
2023-02-01,"CPI","M","ITF21",NA
2022-12-01,"CPI","M","ITF3",119.3
2023-01-01,"CPI","M","ITF3",119.3
2023-02-01,"CPI","M","ITF3",119.6
2023-03-01,"CPI","M","ITF3",118.8
2023-04-01,"CPI","M","ITF3",119.4
2023-05-01,"CPI","M","ITF3",119.9
2023-06-01,"CPI","M","ITF3",119.7
2023-07-01,"CPI","M","ITF3",119.8
2023-08-01,"CPI","M","ITF3",120.2
2023-09-01,"CPI","M","ITF3",120.4
2023-10-01,"CPI","M","ITF3",120.6
2023-11-01,"CPI","M","ITF3",120.3
2023-12-01,"CPI","M","ITF3",120.4
2022-12-01,"CPI","M","ITF31",114.7
2023-01-01,"CPI","M","ITF31",114.6
2023-02-01,"CPI","M","ITF31",114.9
2023-03-01,"CPI","M","ITF31",114.3
2023-04-01,"CPI","M","ITF31",114.5
2023-05-01,"CPI","M","ITF31",114.6
2023-06-01,"CPI","M","ITF31",114.1
2023-07-01,"CPI","M","ITF31",114
2023-08-01,"CPI","M","ITF31",114.2
2023-09-01,"CPI","M","ITF31",114.4
2023-10-01,"CPI","M","ITF31",114.2
2023-11-01,"CPI","M","ITF31",114
2023-12-01,"CPI","M","ITF31",114.1
2022-12-01,"CPI","M","ITF32",123.1
2023-01-01,"CPI","M","ITF32",123.3
2023-02-01,"CPI","M","ITF32",124.2
2023-03-01,"CPI","M","ITF32",123.3
2023-04-01,"CPI","M","ITF32",123.6
2023-05-01,"CPI","M","ITF32",124.1
2023-06-01,"CPI","M","ITF32",124
2023-07-01,"CPI","M","ITF32",124.3
2023-08-01,"CPI","M","ITF32",124.8
2023-09-01,"CPI","M","ITF32",125.1
2023-10-01,"CPI","M","ITF32",125.2
2023-11-01,"CPI","M","ITF32",125
2023-12-01,"CPI","M","ITF32",125.4
2022-12-01,"CPI","M","ITF33",120
2023-01-01,"CPI","M","ITF33",119.9
2023-02-01,"CPI","M","ITF33",120.1
2023-03-01,"CPI","M","ITF33",119.2
2023-04-01,"CPI","M","ITF33",120.1
2023-05-01,"CPI","M","ITF33",120.7
2023-06-01,"CPI","M","ITF33",120.6
2023-07-01,"CPI","M","ITF33",120.7
2023-08-01,"CPI","M","ITF33",121.1
2023-09-01,"CPI","M","ITF33",121.4
2023-10-01,"CPI","M","ITF33",121.7
2023-11-01,"CPI","M","ITF33",121.3
2023-12-01,"CPI","M","ITF33",121.5
2022-12-01,"CPI","M","ITF34",120.3
2023-01-01,"CPI","M","ITF34",120.5
2023-02-01,"CPI","M","ITF34",120.7
2023-03-01,"CPI","M","ITF34",119.7
2023-04-01,"CPI","M","ITF34",120.1
2023-05-01,"CPI","M","ITF34",120.8
2023-06-01,"CPI","M","ITF34",120.2
2023-07-01,"CPI","M","ITF34",120.3
2023-08-01,"CPI","M","ITF34",120.8
2023-09-01,"CPI","M","ITF34",121.1
2023-10-01,"CPI","M","ITF34",121.3
2023-11-01,"CPI","M","ITF34",121
2023-12-01,"CPI","M","ITF34",120.8
2023-01-01,"CPI","M","ITF35",NA
2023-02-01,"CPI","M","ITF35",NA
2022-12-01,"CPI","M","ITF4",121
2023-01-01,"CPI","M","ITF4",120.7
2023-02-01,"CPI","M","ITF4",120.8
2023-03-01,"CPI","M","ITF4",120
2023-04-01,"CPI","M","ITF4",120.5
2023-05-01,"CPI","M","ITF4",120.9
2023-06-01,"CPI","M","ITF4",120.8
2023-07-01,"CPI","M","ITF4",120.8
2023-08-01,"CPI","M","ITF4",121.2
2023-09-01,"CPI","M","ITF4",121.2
2023-10-01,"CPI","M","ITF4",121.2
2023-11-01,"CPI","M","ITF4",120.6
2023-12-01,"CPI","M","ITF4",120.8
2023-01-01,"CPI","M","ITF41",NA
2023-02-01,"CPI","M","ITF41",NA
2023-03-01,"CPI","M","ITF41",NA
2023-04-01,"CPI","M","ITF41",NA
2023-05-01,"CPI","M","ITF41",NA
2023-06-01,"CPI","M","ITF41",NA
2023-07-01,"CPI","M","ITF41",NA
2023-08-01,"CPI","M","ITF41",NA
2023-09-01,"CPI","M","ITF41",NA
2023-10-01,"CPI","M","ITF41",NA
2023-11-01,"CPI","M","ITF41",NA
2023-12-01,"CPI","M","ITF41",NA
2022-12-01,"CPI","M","ITF42",120.8
2023-01-01,"CPI","M","ITF42",120.4
2023-02-01,"CPI","M","ITF42",120.4
2023-03-01,"CPI","M","ITF42",119.6
2023-04-01,"CPI","M","ITF42",120
2023-05-01,"CPI","M","ITF42",120.4
2023-06-01,"CPI","M","ITF42",120.3
2023-07-01,"CPI","M","ITF42",120.2
2023-08-01,"CPI","M","ITF42",120.5
2023-09-01,"CPI","M","ITF42",120.5
2023-10-01,"CPI","M","ITF42",120.4
2023-11-01,"CPI","M","ITF42",119.8
2023-12-01,"CPI","M","ITF42",120
2023-01-01,"CPI","M","ITF43",NA
2023-02-01,"CPI","M","ITF43",NA
2022-12-01,"CPI","M","ITF44",117.6
2023-01-01,"CPI","M","ITF44",117.4
2023-02-01,"CPI","M","ITF44",117.7
2023-03-01,"CPI","M","ITF44",117
2023-04-01,"CPI","M","ITF44",117.7
2023-05-01,"CPI","M","ITF44",118
2023-06-01,"CPI","M","ITF44",118.1
2023-07-01,"CPI","M","ITF44",118.4
2023-08-01,"CPI","M","ITF44",119.1
2023-09-01,"CPI","M","ITF44",119.2
2023-10-01,"CPI","M","ITF44",119.1
2023-11-01,"CPI","M","ITF44",118.6
2023-12-01,"CPI","M","ITF44",118.8
2023-01-01,"CPI","M","ITF45",NA
2023-02-01,"CPI","M","ITF45",NA
2022-12-01,"CPI","M","ITF5",115.3
2023-01-01,"CPI","M","ITF5",114.9
2023-02-01,"CPI","M","ITF5",115.1
2023-03-01,"CPI","M","ITF5",114.4
2023-04-01,"CPI","M","ITF5",114.7
2023-05-01,"CPI","M","ITF5",114.8
2023-06-01,"CPI","M","ITF5",114.7
2023-07-01,"CPI","M","ITF5",115
2023-08-01,"CPI","M","ITF5",115.6
2023-09-01,"CPI","M","ITF5",115.7
2023-10-01,"CPI","M","ITF5",115.6
2023-11-01,"CPI","M","ITF5",115.3
2023-12-01,"CPI","M","ITF5",115.3
2022-12-01,"CPI","M","ITF51",114.5
2023-01-01,"CPI","M","ITF51",114.1
2023-02-01,"CPI","M","ITF51",114.3
2023-03-01,"CPI","M","ITF51",113.6
2023-04-01,"CPI","M","ITF51",113.9
2023-05-01,"CPI","M","ITF51",114
2023-06-01,"CPI","M","ITF51",113.9
2023-07-01,"CPI","M","ITF51",114.1
2023-08-01,"CPI","M","ITF51",114.7
2023-09-01,"CPI","M","ITF51",114.9
2023-10-01,"CPI","M","ITF51",114.9
2023-11-01,"CPI","M","ITF51",114.6
2023-12-01,"CPI","M","ITF51",114.6
2023-01-01,"CPI","M","ITF52",NA
2023-02-01,"CPI","M","ITF52",NA
2023-03-01,"CPI","M","ITF52",NA
2023-04-01,"CPI","M","ITF52",NA
2023-05-01,"CPI","M","ITF52",NA
2023-06-01,"CPI","M","ITF52",NA
2023-07-01,"CPI","M","ITF52",NA
2023-08-01,"CPI","M","ITF52",NA
2023-09-01,"CPI","M","ITF52",NA
2023-10-01,"CPI","M","ITF52",NA
2023-11-01,"CPI","M","ITF52",NA
2023-12-01,"CPI","M","ITF52",NA
2022-12-01,"CPI","M","ITF6",119.8
2023-01-01,"CPI","M","ITF6",119.6
2023-02-01,"CPI","M","ITF6",119.9
2023-03-01,"CPI","M","ITF6",119.3
2023-04-01,"CPI","M","ITF6",119.7
2023-05-01,"CPI","M","ITF6",119.7
2023-06-01,"CPI","M","ITF6",119.4
2023-07-01,"CPI","M","ITF6",119.5
2023-08-01,"CPI","M","ITF6",119.9
2023-09-01,"CPI","M","ITF6",120.2
2023-10-01,"CPI","M","ITF6",120.3
2023-11-01,"CPI","M","ITF6",120
2023-12-01,"CPI","M","ITF6",120
2022-12-01,"CPI","M","ITF61",122.1
2023-01-01,"CPI","M","ITF61",121.9
2023-02-01,"CPI","M","ITF61",122
2023-03-01,"CPI","M","ITF61",121.7
2023-04-01,"CPI","M","ITF61",122.1
2023-05-01,"CPI","M","ITF61",122.1
2023-06-01,"CPI","M","ITF61",121.8
2023-07-01,"CPI","M","ITF61",121.8
2023-08-01,"CPI","M","ITF61",122.1
2023-09-01,"CPI","M","ITF61",122.7
2023-10-01,"CPI","M","ITF61",122.9
2023-11-01,"CPI","M","ITF61",122.6
2023-12-01,"CPI","M","ITF61",122.8
2022-12-01,"CPI","M","ITF63",117.9
2023-01-01,"CPI","M","ITF63",117.6
2023-02-01,"CPI","M","ITF63",118.1
2023-03-01,"CPI","M","ITF63",117.3
2023-04-01,"CPI","M","ITF63",117.5
2023-05-01,"CPI","M","ITF63",117.6
2023-06-01,"CPI","M","ITF63",117.3
2023-07-01,"CPI","M","ITF63",117.4
2023-08-01,"CPI","M","ITF63",118
2023-09-01,"CPI","M","ITF63",118.1
2023-10-01,"CPI","M","ITF63",118
2023-11-01,"CPI","M","ITF63",117.8
2023-12-01,"CPI","M","ITF63",117.9
2022-12-01,"CPI","M","ITF65",117.8
2023-01-01,"CPI","M","ITF65",117.5
2023-02-01,"CPI","M","ITF65",117.9
2023-03-01,"CPI","M","ITF65",117.1
2023-04-01,"CPI","M","ITF65",117.6
2023-05-01,"CPI","M","ITF65",117.6
2023-06-01,"CPI","M","ITF65",117.3
2023-07-01,"CPI","M","ITF65",117.5
2023-08-01,"CPI","M","ITF65",118
2023-09-01,"CPI","M","ITF65",117.9
2023-10-01,"CPI","M","ITF65",117.9
2023-11-01,"CPI","M","ITF65",117.5
2023-12-01,"CPI","M","ITF65",117.5
2023-01-01,"CPI","M","ITF62",NA
2023-02-01,"CPI","M","ITF62",NA
2023-01-01,"CPI","M","ITF64",NA
2023-02-01,"CPI","M","ITF64",NA
2023-03-01,"CPI","M","ITF64",NA
2023-04-01,"CPI","M","ITF64",NA
2023-05-01,"CPI","M","ITF64",NA
2023-06-01,"CPI","M","ITF64",NA
2023-07-01,"CPI","M","ITF64",NA
2023-08-01,"CPI","M","ITF64",NA
2023-09-01,"CPI","M","ITF64",NA
2023-10-01,"CPI","M","ITF64",NA
2023-11-01,"CPI","M","ITF64",NA
2023-12-01,"CPI","M","ITF64",NA
2022-12-01,"CPI","M","ITG",122.6
2023-01-01,"CPI","M","ITG",122
2023-02-01,"CPI","M","ITG",122.3
2023-03-01,"CPI","M","ITG",121.3
2023-04-01,"CPI","M","ITG",121.5
2023-05-01,"CPI","M","ITG",121.9
2023-06-01,"CPI","M","ITG",121.9
2023-07-01,"CPI","M","ITG",122.1
2023-08-01,"CPI","M","ITG",122.7
2023-09-01,"CPI","M","ITG",122.8
2023-10-01,"CPI","M","ITG",122.6
2023-11-01,"CPI","M","ITG",122
2023-12-01,"CPI","M","ITG",121.9
2022-12-01,"CPI","M","ITG1",123.4
2023-01-01,"CPI","M","ITG1",122.7
2023-02-01,"CPI","M","ITG1",123
2023-03-01,"CPI","M","ITG1",121.8
2023-04-01,"CPI","M","ITG1",122.2
2023-05-01,"CPI","M","ITG1",122.6
2023-06-01,"CPI","M","ITG1",122.6
2023-07-01,"CPI","M","ITG1",122.7
2023-08-01,"CPI","M","ITG1",123.2
2023-09-01,"CPI","M","ITG1",123.4
2023-10-01,"CPI","M","ITG1",123.2
2023-11-01,"CPI","M","ITG1",122.6
2023-12-01,"CPI","M","ITG1",122.5
2022-12-01,"CPI","M","ITG11",124.9
2023-01-01,"CPI","M","ITG11",124.2
2023-02-01,"CPI","M","ITG11",124.3
2023-03-01,"CPI","M","ITG11",122.9
2023-04-01,"CPI","M","ITG11",123.1
2023-05-01,"CPI","M","ITG11",123.4
2023-06-01,"CPI","M","ITG11",123.3
2023-07-01,"CPI","M","ITG11",123.5
2023-08-01,"CPI","M","ITG11",124.3
2023-09-01,"CPI","M","ITG11",124.3
2023-10-01,"CPI","M","ITG11",123.9
2023-11-01,"CPI","M","ITG11",123.2
2023-12-01,"CPI","M","ITG11",123
2022-12-01,"CPI","M","ITG12",122.9
2023-01-01,"CPI","M","ITG12",121.9
2023-02-01,"CPI","M","ITG12",122.4
2023-03-01,"CPI","M","ITG12",121.3
2023-04-01,"CPI","M","ITG12",121.8
2023-05-01,"CPI","M","ITG12",122.7
2023-06-01,"CPI","M","ITG12",122.5
2023-07-01,"CPI","M","ITG12",122.5
2023-08-01,"CPI","M","ITG12",123
2023-09-01,"CPI","M","ITG12",123.3
2023-10-01,"CPI","M","ITG12",123.5
2023-11-01,"CPI","M","ITG12",122.5
2023-12-01,"CPI","M","ITG12",122.2
2022-12-01,"CPI","M","ITG13",122.8
2023-01-01,"CPI","M","ITG13",122
2023-02-01,"CPI","M","ITG13",122.4
2023-03-01,"CPI","M","ITG13",121.2
2023-04-01,"CPI","M","ITG13",121.6
2023-05-01,"CPI","M","ITG13",121.9
2023-06-01,"CPI","M","ITG13",122.1
2023-07-01,"CPI","M","ITG13",122.3
2023-08-01,"CPI","M","ITG13",123
2023-09-01,"CPI","M","ITG13",122.7
2023-10-01,"CPI","M","ITG13",122.3
2023-11-01,"CPI","M","ITG13",121.9
2023-12-01,"CPI","M","ITG13",121.9
2023-01-01,"CPI","M","ITG14",NA
2023-02-01,"CPI","M","ITG14",NA
2022-12-01,"CPI","M","ITG15",119.3
2023-01-01,"CPI","M","ITG15",118.7
2023-02-01,"CPI","M","ITG15",118.8
2023-03-01,"CPI","M","ITG15",117.7
2023-04-01,"CPI","M","ITG15",118
2023-05-01,"CPI","M","ITG15",118.1
2023-06-01,"CPI","M","ITG15",117.9
2023-07-01,"CPI","M","ITG15",118.1
2023-08-01,"CPI","M","ITG15",118.5
2023-09-01,"CPI","M","ITG15",118.5
2023-10-01,"CPI","M","ITG15",118.7
2023-11-01,"CPI","M","ITG15",118.4
2023-12-01,"CPI","M","ITG15",118
2023-01-01,"CPI","M","ITG16",NA
2023-02-01,"CPI","M","ITG16",NA
2022-12-01,"CPI","M","ITG17",124.1
2023-01-01,"CPI","M","ITG17",123.3
2023-02-01,"CPI","M","ITG17",123.7
2023-03-01,"CPI","M","ITG17",122.4
2023-04-01,"CPI","M","ITG17",122.7
2023-05-01,"CPI","M","ITG17",122.9
2023-06-01,"CPI","M","ITG17",122.8
2023-07-01,"CPI","M","ITG17",122.9
2023-08-01,"CPI","M","ITG17",123.5
2023-09-01,"CPI","M","ITG17",123.8
2023-10-01,"CPI","M","ITG17",123.5
2023-11-01,"CPI","M","ITG17",123
2023-12-01,"CPI","M","ITG17",123
2023-01-01,"CPI","M","ITG18",NA
2023-02-01,"CPI","M","ITG18",NA
2023-03-01,"CPI","M","ITG18",NA
2023-04-01,"CPI","M","ITG18",NA
2023-05-01,"CPI","M","ITG18",NA
2023-06-01,"CPI","M","ITG18",NA
2023-07-01,"CPI","M","ITG18",NA
2023-08-01,"CPI","M","ITG18",NA
2023-09-01,"CPI","M","ITG18",NA
2023-10-01,"CPI","M","ITG18",NA
2023-11-01,"CPI","M","ITG18",NA
2023-12-01,"CPI","M","ITG18",NA
2022-12-01,"CPI","M","ITG19",124.5
2023-01-01,"CPI","M","ITG19",123.9
2023-02-01,"CPI","M","ITG19",124.2
2023-03-01,"CPI","M","ITG19",122.9
2023-04-01,"CPI","M","ITG19",123.4
2023-05-01,"CPI","M","ITG19",123.9
2023-06-01,"CPI","M","ITG19",123.9
2023-07-01,"CPI","M","ITG19",123.9
2023-08-01,"CPI","M","ITG19",124.7
2023-09-01,"CPI","M","ITG19",124.7
2023-10-01,"CPI","M","ITG19",124.5
2023-11-01,"CPI","M","ITG19",123.9
2023-12-01,"CPI","M","ITG19",123.9
2022-12-01,"CPI","M","ITG2",120.4
2023-01-01,"CPI","M","ITG2",120.4
2023-02-01,"CPI","M","ITG2",120.7
2023-03-01,"CPI","M","ITG2",120.1
2023-04-01,"CPI","M","ITG2",119.8
2023-05-01,"CPI","M","ITG2",120.1
2023-06-01,"CPI","M","ITG2",120.5
2023-07-01,"CPI","M","ITG2",120.8
2023-08-01,"CPI","M","ITG2",121.6
2023-09-01,"CPI","M","ITG2",121.3
2023-10-01,"CPI","M","ITG2",120.9
2023-11-01,"CPI","M","ITG2",120.4
2023-12-01,"CPI","M","ITG2",120.6
2022-12-01,"CPI","M","ITG25",119
2023-01-01,"CPI","M","ITG25",119
2023-02-01,"CPI","M","ITG25",119.4
2023-03-01,"CPI","M","ITG25",119.1
2023-04-01,"CPI","M","ITG25",118.8
2023-05-01,"CPI","M","ITG25",119
2023-06-01,"CPI","M","ITG25",119.4
2023-07-01,"CPI","M","ITG25",119.7
2023-08-01,"CPI","M","ITG25",120.5
2023-09-01,"CPI","M","ITG25",120.2
2023-10-01,"CPI","M","ITG25",120
2023-11-01,"CPI","M","ITG25",119.5
2023-12-01,"CPI","M","ITG25",119.6
2023-01-01,"CPI","M","ITG26",NA
2023-02-01,"CPI","M","ITG26",NA
2022-12-01,"CPI","M","ITG27",118.9
2023-01-01,"CPI","M","ITG27",118.7
2023-02-01,"CPI","M","ITG27",119.3
2023-03-01,"CPI","M","ITG27",118.8
2023-04-01,"CPI","M","ITG27",118.3
2023-05-01,"CPI","M","ITG27",118.6
2023-06-01,"CPI","M","ITG27",119.1
2023-07-01,"CPI","M","ITG27",119.4
2023-08-01,"CPI","M","ITG27",120.1
2023-09-01,"CPI","M","ITG27",120.1
2023-10-01,"CPI","M","ITG27",119.7
2023-11-01,"CPI","M","ITG27",119.3
2023-12-01,"CPI","M","ITG27",119.5
2023-01-01,"CPI","M","ITG28",NA
2023-02-01,"CPI","M","ITG28",NA
2022-12-01,"CPI","M","ITG29",117.5
2023-01-01,"CPI","M","ITG29",117.6
2023-02-01,"CPI","M","ITG29",118.2
2023-03-01,"CPI","M","ITG29",117.8
2023-04-01,"CPI","M","ITG29",117.6
2023-05-01,"CPI","M","ITG29",117.9
2023-06-01,"CPI","M","ITG29",118.9
2023-07-01,"CPI","M","ITG29",120
2023-08-01,"CPI","M","ITG29",121.5
2023-09-01,"CPI","M","ITG29",120.2
2023-10-01,"CPI","M","ITG29",119.4
2023-11-01,"CPI","M","ITG29",118.6
2023-12-01,"CPI","M","ITG29",118.7
2022-11-01,"IPI_M","M","TM",127.1
2022-12-01,"IPI_M","M","TM",125.1
2023-01-01,"IPI_M","M","TM",120.8
2023-02-01,"IPI_M","M","TM",118.8
2023-03-01,"IPI_M","M","TM",117.1
2023-04-01,"IPI_M","M","TM",115.9
2023-05-01,"IPI_M","M","TM",114.2
2023-06-01,"IPI_M","M","TM",113.5
2023-07-01,"IPI_M","M","TM",113.1
2023-08-01,"IPI_M","M","TM",112.8
2023-09-01,"IPI_M","M","TM",113.6
2023-10-01,"IPI_M","M","TM",114.8
2023-11-01,"IPI_M","M","TM",115.1
2022-11-01,"IPI_M","M","EZ",119.3
2022-12-01,"IPI_M","M","EZ",119.3
2023-01-01,"IPI_M","M","EZ",119.3
2023-02-01,"IPI_M","M","EZ",119.2
2023-03-01,"IPI_M","M","EZ",118.7
2023-04-01,"IPI_M","M","EZ",118.3
2023-05-01,"IPI_M","M","EZ",117.4
2023-06-01,"IPI_M","M","EZ",117
2023-07-01,"IPI_M","M","EZ",116.5
2023-08-01,"IPI_M","M","EZ",116
2023-09-01,"IPI_M","M","EZ",116.1
2023-10-01,"IPI_M","M","EZ",116.2
2023-11-01,"IPI_M","M","EZ",116.3
2022-11-01,"IPI_M","M","NO_EZ",134.7
2022-12-01,"IPI_M","M","NO_EZ",130.7
2023-01-01,"IPI_M","M","NO_EZ",122.5
2023-02-01,"IPI_M","M","NO_EZ",118.8
2023-03-01,"IPI_M","M","NO_EZ",116
2023-04-01,"IPI_M","M","NO_EZ",114.1
2023-05-01,"IPI_M","M","NO_EZ",111.7
2023-06-01,"IPI_M","M","NO_EZ",110.9
2023-07-01,"IPI_M","M","NO_EZ",110.4
2023-08-01,"IPI_M","M","NO_EZ",110.3
2023-09-01,"IPI_M","M","NO_EZ",111.8
2023-10-01,"IPI_M","M","NO_EZ",113.8
2023-11-01,"IPI_M","M","NO_EZ",114.3
2022-11-01,"ER","M","M",69.622337
2022-12-01,"ER","M","M",69.683533
2023-01-01,"ER","M","M",69.709531
2023-02-01,"ER","M","M",70.040808
2023-03-01,"ER","M","M",70.064343
2023-04-01,"ER","M","M",69.968259
2023-05-01,"ER","M","M",70.379296
2023-06-01,"ER","M","M",70.63676
2023-07-01,"ER","M","M",70.302363
2023-08-01,"ER","M","M",70.345902
2023-09-01,"ER","M","M",70.74594
2023-10-01,"ER","M","M",70.776944
2023-11-01,"ER","M","M",70.766129
2022-11-01,"ER","M","F",51.482287
2022-12-01,"ER","M","F",51.827084
2023-01-01,"ER","M","F",52.096971
2023-02-01,"ER","M","F",51.956263
2023-03-01,"ER","M","F",52.031305
2023-04-01,"ER","M","F",52.361852
2023-05-01,"ER","M","F",52.236045
2023-06-01,"ER","M","F",52.466219
2023-07-01,"ER","M","F",52.386029
2023-08-01,"ER","M","F",52.703604
2023-09-01,"ER","M","F",52.705892
2023-10-01,"ER","M","F",52.771967
2023-11-01,"ER","M","F",52.878981
2022-11-01,"ER","M","T",60.561499
2022-12-01,"ER","M","T",60.764909
2023-01-01,"ER","M","T",60.913199
2023-02-01,"ER","M","T",61.009334
2023-03-01,"ER","M","T",61.058906
2023-04-01,"ER","M","T",61.175978
2023-05-01,"ER","M","T",61.319437
2023-06-01,"ER","M","T",61.56388
2023-07-01,"ER","M","T",61.356672
2023-08-01,"ER","M","T",61.537648
2023-09-01,"ER","M","T",61.739738
2023-10-01,"ER","M","T",61.789271
2023-11-01,"ER","M","T",61.837274
2022-11-01,"UR","M","M",6.88896
2022-12-01,"UR","M","M",6.918683
2023-01-01,"UR","M","M",6.968744
2023-02-01,"UR","M","M",7.026909
2023-03-01,"UR","M","M",6.936487
2023-04-01,"UR","M","M",7.074022
2023-05-01,"UR","M","M",6.790487
2023-06-01,"UR","M","M",6.692893
2023-07-01,"UR","M","M",6.921815
2023-08-01,"UR","M","M",6.768978
2023-09-01,"UR","M","M",6.663395
2023-10-01,"UR","M","M",6.805408
2023-11-01,"UR","M","M",6.671407
2022-11-01,"UR","M","F",9.201915
2022-12-01,"UR","M","F",9.097562
2023-01-01,"UR","M","F",9.28654
2023-02-01,"UR","M","F",9.083563
2023-03-01,"UR","M","F",9.04844
2023-04-01,"UR","M","F",8.729585
2023-05-01,"UR","M","F",8.891792
2023-06-01,"UR","M","F",8.540975
2023-07-01,"UR","M","F",8.841002
2023-08-01,"UR","M","F",8.439261
2023-09-01,"UR","M","F",8.747975
2023-10-01,"UR","M","F",8.906376
2023-11-01,"UR","M","F",8.515809
2022-11-01,"UR","M","T",7.88038
2022-12-01,"UR","M","T",7.855266
2023-01-01,"UR","M","T",7.968984
2023-02-01,"UR","M","T",7.909078
2023-03-01,"UR","M","T",7.842667
2023-04-01,"UR","M","T",7.785307
2023-05-01,"UR","M","T",7.691553
2023-06-01,"UR","M","T",7.484186
2023-07-01,"UR","M","T",7.745455
2023-08-01,"UR","M","T",7.486458
2023-09-01,"UR","M","T",7.558115
2023-10-01,"UR","M","T",7.70685
2023-11-01,"UR","M","T",7.462636
2020-09-01,"LCI","Q","IT",103
2020-12-01,"LCI","Q","IT",102.9
2021-03-01,"LCI","Q","IT",103.8
2021-06-01,"LCI","Q","IT",104.2
2021-09-01,"LCI","Q","IT",105.2
2021-12-01,"LCI","Q","IT",105.4
2022-03-01,"LCI","Q","IT",105.4
2022-06-01,"LCI","Q","IT",106.4
2022-09-01,"LCI","Q","IT",105.7
2022-12-01,"LCI","Q","IT",107.1
2023-03-01,"LCI","Q","IT",108.3
2023-06-01,"LCI","Q","IT",109.2
2023-09-01,"LCI","Q","IT",110.7
2020-12-01,"IMP","M","EU",19901
2021-01-01,"IMP","M","EU",20174
2021-02-01,"IMP","M","EU",20421
2021-03-01,"IMP","M","EU",21594
2021-04-01,"IMP","M","EU",21601
2021-05-01,"IMP","M","EU",21800
2021-06-01,"IMP","M","EU",22628
2021-07-01,"IMP","M","EU",22856
2021-08-01,"IMP","M","EU",23263
2021-09-01,"IMP","M","EU",23066
2021-10-01,"IMP","M","EU",23619
2021-11-01,"IMP","M","EU",24195
2021-12-01,"IMP","M","EU",26695
2022-01-01,"IMP","M","EU",25683
2022-02-01,"IMP","M","EU",26351
2022-03-01,"IMP","M","EU",26935
2022-04-01,"IMP","M","EU",28711
2022-05-01,"IMP","M","EU",29489
2022-06-01,"IMP","M","EU",28002
2022-07-01,"IMP","M","EU",29048
2022-08-01,"IMP","M","EU",30143
2022-09-01,"IMP","M","EU",29473
2022-10-01,"IMP","M","EU",28627
2022-11-01,"IMP","M","EU",28512
2022-12-01,"IMP","M","EU",29147
2023-01-01,"IMP","M","EU",29485
2023-02-01,"IMP","M","EU",28966
2023-03-01,"IMP","M","EU",28389
2023-04-01,"IMP","M","EU",28205
2023-05-01,"IMP","M","EU",27748
2023-06-01,"IMP","M","EU",28889
2023-07-01,"IMP","M","EU",27514
2023-08-01,"IMP","M","EU",28542
2023-09-01,"IMP","M","EU",27473
2023-10-01,"IMP","M","EU",28137
2023-11-01,"IMP","M","EU",28507
2020-12-01,"IMP","M","EXT_EU",13671
2021-01-01,"IMP","M","EXT_EU",13900
2021-02-01,"IMP","M","EXT_EU",14431
2021-03-01,"IMP","M","EXT_EU",15411
2021-04-01,"IMP","M","EXT_EU",16071
2021-05-01,"IMP","M","EXT_EU",15927
2021-06-01,"IMP","M","EXT_EU",16246
2021-07-01,"IMP","M","EXT_EU",16969
2021-08-01,"IMP","M","EXT_EU",18471
2021-09-01,"IMP","M","EXT_EU",18493
2021-10-01,"IMP","M","EXT_EU",19625
2021-11-01,"IMP","M","EXT_EU",20445
2021-12-01,"IMP","M","EXT_EU",21969
2022-01-01,"IMP","M","EXT_EU",23290
2022-02-01,"IMP","M","EXT_EU",24153
2022-03-01,"IMP","M","EXT_EU",25116
2022-04-01,"IMP","M","EXT_EU",26352
2022-05-01,"IMP","M","EXT_EU",25905
2022-06-01,"IMP","M","EXT_EU",28561
2022-07-01,"IMP","M","EXT_EU",29885
2022-08-01,"IMP","M","EXT_EU",30232
2022-09-01,"IMP","M","EXT_EU",30035
2022-10-01,"IMP","M","EXT_EU",27296
2022-11-01,"IMP","M","EXT_EU",26435
2022-12-01,"IMP","M","EXT_EU",25296
2023-01-01,"IMP","M","EXT_EU",22849
2023-02-01,"IMP","M","EXT_EU",22503
2023-03-01,"IMP","M","EXT_EU",22394
2023-04-01,"IMP","M","EXT_EU",22489
2023-05-01,"IMP","M","EXT_EU",21294
2023-06-01,"IMP","M","EXT_EU",20887
2023-07-01,"IMP","M","EXT_EU",20282
2023-08-01,"IMP","M","EXT_EU",21077
2023-09-01,"IMP","M","EXT_EU",20738
2023-10-01,"IMP","M","EXT_EU",21396
2023-11-01,"IMP","M","EXT_EU",20740
2020-12-01,"IMP","M","WORLD",33572
2021-01-01,"IMP","M","WORLD",34074
2021-02-01,"IMP","M","WORLD",34852
2021-03-01,"IMP","M","WORLD",37005
2021-04-01,"IMP","M","WORLD",37672
2021-05-01,"IMP","M","WORLD",37727
2021-06-01,"IMP","M","WORLD",38874
2021-07-01,"IMP","M","WORLD",39825
2021-08-01,"IMP","M","WORLD",41734
2021-09-01,"IMP","M","WORLD",41559
2021-10-01,"IMP","M","WORLD",43244
2021-11-01,"IMP","M","WORLD",44640
2021-12-01,"IMP","M","WORLD",48664
2022-01-01,"IMP","M","WORLD",48973
2022-02-01,"IMP","M","WORLD",50504
2022-03-01,"IMP","M","WORLD",52051
2022-04-01,"IMP","M","WORLD",55063
2022-05-01,"IMP","M","WORLD",55394
2022-06-01,"IMP","M","WORLD",56563
2022-07-01,"IMP","M","WORLD",58933
2022-08-01,"IMP","M","WORLD",60375
2022-09-01,"IMP","M","WORLD",59508
2022-10-01,"IMP","M","WORLD",55923
2022-11-01,"IMP","M","WORLD",54947
2022-12-01,"IMP","M","WORLD",54443
2023-01-01,"IMP","M","WORLD",52334
2023-02-01,"IMP","M","WORLD",51469
2023-03-01,"IMP","M","WORLD",50783
2023-04-01,"IMP","M","WORLD",50694
2023-05-01,"IMP","M","WORLD",49042
2023-06-01,"IMP","M","WORLD",49776
2023-07-01,"IMP","M","WORLD",47796
2023-08-01,"IMP","M","WORLD",49619
2023-09-01,"IMP","M","WORLD",48211
2023-10-01,"IMP","M","WORLD",49533
2023-11-01,"IMP","M","WORLD",49247
2020-12-01,"EXP","M","EU",20346
2021-01-01,"EXP","M","EU",21008
2021-02-01,"EXP","M","EU",21441
2021-03-01,"EXP","M","EU",22078
2021-04-01,"EXP","M","EU",22276
2021-05-01,"EXP","M","EU",21719
2021-06-01,"EXP","M","EU",22783
2021-07-01,"EXP","M","EU",22680
2021-08-01,"EXP","M","EU",23612
2021-09-01,"EXP","M","EU",23594
2021-10-01,"EXP","M","EU",23749
2021-11-01,"EXP","M","EU",24500
2021-12-01,"EXP","M","EU",24735
2022-01-01,"EXP","M","EU",25689
2022-02-01,"EXP","M","EU",26271
2022-03-01,"EXP","M","EU",26765
2022-04-01,"EXP","M","EU",27134
2022-05-01,"EXP","M","EU",28376
2022-06-01,"EXP","M","EU",27616
2022-07-01,"EXP","M","EU",28821
2022-08-01,"EXP","M","EU",28227
2022-09-01,"EXP","M","EU",27894
2022-10-01,"EXP","M","EU",28370
2022-11-01,"EXP","M","EU",28530
2022-12-01,"EXP","M","EU",28025
2023-01-01,"EXP","M","EU",27915
2023-02-01,"EXP","M","EU",27645
2023-03-01,"EXP","M","EU",27589
2023-04-01,"EXP","M","EU",27145
2023-05-01,"EXP","M","EU",26705
2023-06-01,"EXP","M","EU",26851
2023-07-01,"EXP","M","EU",26517
2023-08-01,"EXP","M","EU",27409
2023-09-01,"EXP","M","EU",26812
2023-10-01,"EXP","M","EU",27219
2023-11-01,"EXP","M","EU",26673
2020-12-01,"EXP","M","EXT_EU",18990
2021-01-01,"EXP","M","EXT_EU",18900
2021-02-01,"EXP","M","EXT_EU",19054
2021-03-01,"EXP","M","EXT_EU",19497
2021-04-01,"EXP","M","EXT_EU",21233
2021-05-01,"EXP","M","EXT_EU",19947
2021-06-01,"EXP","M","EXT_EU",20105
2021-07-01,"EXP","M","EXT_EU",21803
2021-08-01,"EXP","M","EXT_EU",20649
2021-09-01,"EXP","M","EXT_EU",20323
2021-10-01,"EXP","M","EXT_EU",20783
2021-11-01,"EXP","M","EXT_EU",21415
2021-12-01,"EXP","M","EXT_EU",21000
2022-01-01,"EXP","M","EXT_EU",22020
2022-02-01,"EXP","M","EXT_EU",23075
2022-03-01,"EXP","M","EXT_EU",23559
2022-04-01,"EXP","M","EXT_EU",24442
2022-05-01,"EXP","M","EXT_EU",25037
2022-06-01,"EXP","M","EXT_EU",24668
2022-07-01,"EXP","M","EXT_EU",26302
2022-08-01,"EXP","M","EXT_EU",24260
2022-09-01,"EXP","M","EXT_EU",25800
2022-10-01,"EXP","M","EXT_EU",24295
2022-11-01,"EXP","M","EXT_EU",26572
2022-12-01,"EXP","M","EXT_EU",25814
2023-01-01,"EXP","M","EXT_EU",25982
2023-02-01,"EXP","M","EXT_EU",27097
2023-03-01,"EXP","M","EXT_EU",25237
2023-04-01,"EXP","M","EXT_EU",24737
2023-05-01,"EXP","M","EXT_EU",24999
2023-06-01,"EXP","M","EXT_EU",25095
2023-07-01,"EXP","M","EXT_EU",24554
2023-08-01,"EXP","M","EXT_EU",26255
2023-09-01,"EXP","M","EXT_EU",24512
2023-10-01,"EXP","M","EXT_EU",26085
2023-11-01,"EXP","M","EXT_EU",25338
2020-12-01,"EXP","M","WORLD",39336
2021-01-01,"EXP","M","WORLD",39908
2021-02-01,"EXP","M","WORLD",40495
2021-03-01,"EXP","M","WORLD",41575
2021-04-01,"EXP","M","WORLD",43509
2021-05-01,"EXP","M","WORLD",41666
2021-06-01,"EXP","M","WORLD",42888
2021-07-01,"EXP","M","WORLD",44483
2021-08-01,"EXP","M","WORLD",44261
2021-09-01,"EXP","M","WORLD",43917
2021-10-01,"EXP","M","WORLD",44532
2021-11-01,"EXP","M","WORLD",45915
2021-12-01,"EXP","M","WORLD",45735
2022-01-01,"EXP","M","WORLD",47709
2022-02-01,"EXP","M","WORLD",49346
2022-03-01,"EXP","M","WORLD",50324
2022-04-01,"EXP","M","WORLD",51576
2022-05-01,"EXP","M","WORLD",53413
2022-06-01,"EXP","M","WORLD",52284
2022-07-01,"EXP","M","WORLD",55123
2022-08-01,"EXP","M","WORLD",52487
2022-09-01,"EXP","M","WORLD",53694
2022-10-01,"EXP","M","WORLD",52665
2022-11-01,"EXP","M","WORLD",55102
2022-12-01,"EXP","M","WORLD",53839
2023-01-01,"EXP","M","WORLD",53897
2023-02-01,"EXP","M","WORLD",54742
2023-03-01,"EXP","M","WORLD",52826
2023-04-01,"EXP","M","WORLD",51882
2023-05-01,"EXP","M","WORLD",51704
2023-06-01,"EXP","M","WORLD",51946
2023-07-01,"EXP","M","WORLD",51071
2023-08-01,"EXP","M","WORLD",53664
2023-09-01,"EXP","M","WORLD",51324
2023-10-01,"EXP","M","WORLD",53304
2023-11-01,"EXP","M","WORLD",52011
2020-12-01,"TB","M","EU",445
2021-01-01,"TB","M","EU",834
2021-02-01,"TB","M","EU",1020
2021-03-01,"TB","M","EU",484
2021-04-01,"TB","M","EU",675
2021-05-01,"TB","M","EU",-81
2021-06-01,"TB","M","EU",155
2021-07-01,"TB","M","EU",-176
2021-08-01,"TB","M","EU",349
2021-09-01,"TB","M","EU",528
2021-10-01,"TB","M","EU",130
2021-11-01,"TB","M","EU",305
2021-12-01,"TB","M","EU",-1960
2022-01-01,"TB","M","EU",6
2022-02-01,"TB","M","EU",-80
2022-03-01,"TB","M","EU",-170
2022-04-01,"TB","M","EU",-1577
2022-05-01,"TB","M","EU",-1113
2022-06-01,"TB","M","EU",-386
2022-07-01,"TB","M","EU",-227
2022-08-01,"TB","M","EU",-1916
2022-09-01,"TB","M","EU",-1579
2022-10-01,"TB","M","EU",-257
2022-11-01,"TB","M","EU",18
2022-12-01,"TB","M","EU",-1122
2023-01-01,"TB","M","EU",-1570
2023-02-01,"TB","M","EU",-1321
2023-03-01,"TB","M","EU",-800
2023-04-01,"TB","M","EU",-1060
2023-05-01,"TB","M","EU",-1043
2023-06-01,"TB","M","EU",-2038
2023-07-01,"TB","M","EU",-997
2023-08-01,"TB","M","EU",-1133
2023-09-01,"TB","M","EU",-661
2023-10-01,"TB","M","EU",-918
2023-11-01,"TB","M","EU",-1834
2020-12-01,"TB","M","EXT_EU",5319
2021-01-01,"TB","M","EXT_EU",5000
2021-02-01,"TB","M","EXT_EU",4623
2021-03-01,"TB","M","EXT_EU",4086
2021-04-01,"TB","M","EXT_EU",5162
2021-05-01,"TB","M","EXT_EU",4020
2021-06-01,"TB","M","EXT_EU",3859
2021-07-01,"TB","M","EXT_EU",4834
2021-08-01,"TB","M","EXT_EU",2178
2021-09-01,"TB","M","EXT_EU",1830
2021-10-01,"TB","M","EXT_EU",1158
2021-11-01,"TB","M","EXT_EU",970
2021-12-01,"TB","M","EXT_EU",-969
2022-01-01,"TB","M","EXT_EU",-1270
2022-02-01,"TB","M","EXT_EU",-1078
2022-03-01,"TB","M","EXT_EU",-1557
2022-04-01,"TB","M","EXT_EU",-1910
2022-05-01,"TB","M","EXT_EU",-868
2022-06-01,"TB","M","EXT_EU",-3893
2022-07-01,"TB","M","EXT_EU",-3583
2022-08-01,"TB","M","EXT_EU",-5972
2022-09-01,"TB","M","EXT_EU",-4235
2022-10-01,"TB","M","EXT_EU",-3001
2022-11-01,"TB","M","EXT_EU",137
2022-12-01,"TB","M","EXT_EU",518
2023-01-01,"TB","M","EXT_EU",3133
2023-02-01,"TB","M","EXT_EU",4594
2023-03-01,"TB","M","EXT_EU",2843
2023-04-01,"TB","M","EXT_EU",2248
2023-05-01,"TB","M","EXT_EU",3705
2023-06-01,"TB","M","EXT_EU",4208
2023-07-01,"TB","M","EXT_EU",4272
2023-08-01,"TB","M","EXT_EU",5178
2023-09-01,"TB","M","EXT_EU",3774
2023-10-01,"TB","M","EXT_EU",4689
2023-11-01,"TB","M","EXT_EU",4598
2020-12-01,"TB","M","WORLD",5764
2021-01-01,"TB","M","WORLD",5834
2021-02-01,"TB","M","WORLD",5643
2021-03-01,"TB","M","WORLD",4570
2021-04-01,"TB","M","WORLD",5837
2021-05-01,"TB","M","WORLD",3939
2021-06-01,"TB","M","WORLD",4014
2021-07-01,"TB","M","WORLD",4658
2021-08-01,"TB","M","WORLD",2527
2021-09-01,"TB","M","WORLD",2358
2021-10-01,"TB","M","WORLD",1288
2021-11-01,"TB","M","WORLD",1275
2021-12-01,"TB","M","WORLD",-2929
2022-01-01,"TB","M","WORLD",-1264
2022-02-01,"TB","M","WORLD",-1158
2022-03-01,"TB","M","WORLD",-1727
2022-04-01,"TB","M","WORLD",-3487
2022-05-01,"TB","M","WORLD",-1981
2022-06-01,"TB","M","WORLD",-4279
2022-07-01,"TB","M","WORLD",-3810
2022-08-01,"TB","M","WORLD",-7888
2022-09-01,"TB","M","WORLD",-5814
2022-10-01,"TB","M","WORLD",-3258
2022-11-01,"TB","M","WORLD",155
2022-12-01,"TB","M","WORLD",-604
2023-01-01,"TB","M","WORLD",1563
2023-02-01,"TB","M","WORLD",3273
2023-03-01,"TB","M","WORLD",2043
2023-04-01,"TB","M","WORLD",1188
2023-05-01,"TB","M","WORLD",2662
2023-06-01,"TB","M","WORLD",2170
2023-07-01,"TB","M","WORLD",3275
2023-08-01,"TB","M","WORLD",4045
2023-09-01,"TB","M","WORLD",3113
2023-10-01,"TB","M","WORLD",3771
2023-11-01,"TB","M","WORLD",2764
2021-06-01,"TCD_GDP_IND","Q","IT",2.566
2021-09-01,"TCD_GDP_IND","Q","IT",2.77
2021-12-01,"TCD_GDP_IND","Q","IT",795
2022-03-01,"TCD_GDP_IND","Q","IT",0.09
2022-06-01,"TCD_GDP_IND","Q","IT",1.386
2022-09-01,"TCD_GDP_IND","Q","IT",337
2022-12-01,"TCD_GDP_IND","Q","IT",-183
2023-03-01,"TCD_GDP_IND","Q","IT",565
2023-06-01,"TCD_GDP_IND","Q","IT",-381
2023-09-01,"TCD_GDP_IND","Q","IT",43
2021-06-01,"TCD_GDP_HP_TREND","Q","IT",2.108768045
2021-09-01,"TCD_GDP_HP_TREND","Q","IT",1.815040896
2021-12-01,"TCD_GDP_HP_TREND","Q","IT",1.521599516
2022-03-01,"TCD_GDP_HP_TREND","Q","IT",1.229326527
2022-06-01,"TCD_GDP_HP_TREND","Q","IT",0.938650421
2022-09-01,"TCD_GDP_HP_TREND","Q","IT",0.649287615
2022-12-01,"TCD_GDP_HP_TREND","Q","IT",0.361234118
2023-03-01,"TCD_GDP_HP_TREND","Q","IT",0.074290759
2023-06-01,"TCD_GDP_HP_TREND","Q","IT",-0.212081778
2023-09-01,"TCD_GDP_HP_TREND","Q","IT",-0.498116118
2021-06-01,"TCD_GDP_HP_CYCLE","Q","IT",0.457231955
2021-09-01,"TCD_GDP_HP_CYCLE","Q","IT",0.954959104
2021-12-01,"TCD_GDP_HP_CYCLE","Q","IT",-0.726599516
2022-03-01,"TCD_GDP_HP_CYCLE","Q","IT",-1.139326527
2022-06-01,"TCD_GDP_HP_CYCLE","Q","IT",0.447349579
2022-09-01,"TCD_GDP_HP_CYCLE","Q","IT",-0.312287615
2022-12-01,"TCD_GDP_HP_CYCLE","Q","IT",-0.544234118
2023-03-01,"TCD_GDP_HP_CYCLE","Q","IT",0.490709241
2023-06-01,"TCD_GDP_HP_CYCLE","Q","IT",-0.168918222
2023-09-01,"TCD_GDP_HP_CYCLE","Q","IT",0.541116118
2021-06-01,"TCD_GDP_CF_TREND","Q","IT",1.776156082
2021-09-01,"TCD_GDP_CF_TREND","Q","IT",2.323798163
2021-12-01,"TCD_GDP_CF_TREND","Q","IT",0.800740123
2022-03-01,"TCD_GDP_CF_TREND","Q","IT",0.478228622
2022-06-01,"TCD_GDP_CF_TREND","Q","IT",1.973265563
2022-09-01,"TCD_GDP_CF_TREND","Q","IT",0.945765366
2022-12-01,"TCD_GDP_CF_TREND","Q","IT",0.362196637
2023-03-01,"TCD_GDP_CF_TREND","Q","IT",1.053487837
2023-06-01,"TCD_GDP_CF_TREND","Q","IT",0.081880742
2023-09-01,"TCD_GDP_CF_TREND","Q","IT",0.469846444
2021-06-01,"TCD_GDP_CF_CYCLE","Q","IT",0.789843918
2021-09-01,"TCD_GDP_CF_CYCLE","Q","IT",0.446201837
2021-12-01,"TCD_GDP_CF_CYCLE","Q","IT",-0.005740123
2022-03-01,"TCD_GDP_CF_CYCLE","Q","IT",-0.388228622
2022-06-01,"TCD_GDP_CF_CYCLE","Q","IT",-0.587265563
2022-09-01,"TCD_GDP_CF_CYCLE","Q","IT",-0.608765366
2022-12-01,"TCD_GDP_CF_CYCLE","Q","IT",-0.545196637
2023-03-01,"TCD_GDP_CF_CYCLE","Q","IT",-0.488487837
2023-06-01,"TCD_GDP_CF_CYCLE","Q","IT",-0.462880742
2023-09-01,"TCD_GDP_CF_CYCLE","Q","IT",-0.426846444
2021-06-01,"TCD_GDP_UC_TREND","Q","IT",2.183957968
2021-09-01,"TCD_GDP_UC_TREND","Q","IT",2.216892777
2021-12-01,"TCD_GDP_UC_TREND","Q","IT",1.14661024
2022-03-01,"TCD_GDP_UC_TREND","Q","IT",0.765999066
2022-06-01,"TCD_GDP_UC_TREND","Q","IT",1.334171157
2022-09-01,"TCD_GDP_UC_TREND","Q","IT",0.566780998
2022-12-01,"TCD_GDP_UC_TREND","Q","IT",-0.069633252
2023-03-01,"TCD_GDP_UC_TREND","Q","IT",0.009728687
2023-06-01,"TCD_GDP_UC_TREND","Q","IT",-0.506467723
2023-09-01,"TCD_GDP_UC_TREND","Q","IT",-0.233237163
2021-06-01,"TCD_GDP_UC_CYCLE","Q","IT",0.39286796
2021-09-01,"TCD_GDP_UC_CYCLE","Q","IT",0.190471097
2021-12-01,"TCD_GDP_UC_CYCLE","Q","IT",-0.124909897
2022-03-01,"TCD_GDP_UC_CYCLE","Q","IT",-0.364126624
2022-06-01,"TCD_GDP_UC_CYCLE","Q","IT",-0.387180862
2022-09-01,"TCD_GDP_UC_CYCLE","Q","IT",-0.186728198
2022-12-01,"TCD_GDP_UC_CYCLE","Q","IT",0.121914456
2023-03-01,"TCD_GDP_UC_CYCLE","Q","IT",0.359506649
2023-06-01,"TCD_GDP_UC_CYCLE","Q","IT",0.384958512
2023-09-01,"TCD_GDP_UC_CYCLE","Q","IT",0.186424152
2022-11-01,"TCD_IPI_IND","M","IT",103.5
2022-12-01,"TCD_IPI_IND","M","IT",104.4
2023-01-01,"TCD_IPI_IND","M","IT",103.6
2023-02-01,"TCD_IPI_IND","M","IT",103.6
2023-03-01,"TCD_IPI_IND","M","IT",102.9
2023-04-01,"TCD_IPI_IND","M","IT",100.8
2023-05-01,"TCD_IPI_IND","M","IT",102.4
2023-06-01,"TCD_IPI_IND","M","IT",102.9
2023-07-01,"TCD_IPI_IND","M","IT",102
2023-08-01,"TCD_IPI_IND","M","IT",102.2
2023-09-01,"TCD_IPI_IND","M","IT",102.2
2023-10-01,"TCD_IPI_IND","M","IT",102
2023-11-01,"TCD_IPI_IND","M","IT",100.5
2022-11-01,"TCD_IPI_HP_TREND","M","IT",103.8413772
2022-12-01,"TCD_IPI_HP_TREND","M","IT",103.6240519
2023-01-01,"TCD_IPI_HP_TREND","M","IT",103.4067029
2023-02-01,"TCD_IPI_HP_TREND","M","IT",103.1893603
2023-03-01,"TCD_IPI_HP_TREND","M","IT",102.9720679
2023-04-01,"TCD_IPI_HP_TREND","M","IT",102.7548976
2023-05-01,"TCD_IPI_HP_TREND","M","IT",102.5379167
2023-06-01,"TCD_IPI_HP_TREND","M","IT",102.3210564
2023-07-01,"TCD_IPI_HP_TREND","M","IT",102.1042385
2023-08-01,"TCD_IPI_HP_TREND","M","IT",101.8874251
2023-09-01,"TCD_IPI_HP_TREND","M","IT",101.6705709
2023-10-01,"TCD_IPI_HP_TREND","M","IT",101.4536522
2023-11-01,"TCD_IPI_HP_TREND","M","IT",101.2366825
2022-11-01,"TCD_IPI_HP_CYCLE","M","IT",-0.341377157
2022-12-01,"TCD_IPI_HP_CYCLE","M","IT",0.775948135
2023-01-01,"TCD_IPI_HP_CYCLE","M","IT",0.193297133
2023-02-01,"TCD_IPI_HP_CYCLE","M","IT",0.41063966
2023-03-01,"TCD_IPI_HP_CYCLE","M","IT",-0.072067887
2023-04-01,"TCD_IPI_HP_CYCLE","M","IT",-1.954897627
2023-05-01,"TCD_IPI_HP_CYCLE","M","IT",-0.137916673
2023-06-01,"TCD_IPI_HP_CYCLE","M","IT",0.578943618
2023-07-01,"TCD_IPI_HP_CYCLE","M","IT",-0.104238534
2023-08-01,"TCD_IPI_HP_CYCLE","M","IT",0.312574887
2023-09-01,"TCD_IPI_HP_CYCLE","M","IT",0.529429137
2023-10-01,"TCD_IPI_HP_CYCLE","M","IT",0.546347762
2023-11-01,"TCD_IPI_HP_CYCLE","M","IT",-0.736682454
2022-11-01,"TCD_IPI_CF_TREND","M","IT",102.8811316
2022-12-01,"TCD_IPI_CF_TREND","M","IT",103.5127854
2023-01-01,"TCD_IPI_CF_TREND","M","IT",102.786164
2023-02-01,"TCD_IPI_CF_TREND","M","IT",103.2151779
2023-03-01,"TCD_IPI_CF_TREND","M","IT",103.0741404
2023-04-01,"TCD_IPI_CF_TREND","M","IT",101.3320813
2023-05-01,"TCD_IPI_CF_TREND","M","IT",102.8773014
2023-06-01,"TCD_IPI_CF_TREND","M","IT",102.9678088
2023-07-01,"TCD_IPI_CF_TREND","M","IT",101.5934781
2023-08-01,"TCD_IPI_CF_TREND","M","IT",101.5764234
2023-09-01,"TCD_IPI_CF_TREND","M","IT",101.7565249
2023-10-01,"TCD_IPI_CF_TREND","M","IT",102.0150451
2023-11-01,"TCD_IPI_CF_TREND","M","IT",100.9795236
2022-11-01,"TCD_IPI_CF_CYCLE","M","IT",0.618868404
2022-12-01,"TCD_IPI_CF_CYCLE","M","IT",0.887214587
2023-01-01,"TCD_IPI_CF_CYCLE","M","IT",0.81383598
2023-02-01,"TCD_IPI_CF_CYCLE","M","IT",0.384822131
2023-03-01,"TCD_IPI_CF_CYCLE","M","IT",-0.174140396
2023-04-01,"TCD_IPI_CF_CYCLE","M","IT",-0.532081323
2023-05-01,"TCD_IPI_CF_CYCLE","M","IT",-0.477301429
2023-06-01,"TCD_IPI_CF_CYCLE","M","IT",-0.06780877
2023-07-01,"TCD_IPI_CF_CYCLE","M","IT",0.406521949
2023-08-01,"TCD_IPI_CF_CYCLE","M","IT",0.623576597
2023-09-01,"TCD_IPI_CF_CYCLE","M","IT",0.443475115
2023-10-01,"TCD_IPI_CF_CYCLE","M","IT",-0.015045054
2023-11-01,"TCD_IPI_CF_CYCLE","M","IT",-0.479523637
2022-11-01,"TCD_IPI_UC_TREND","M","IT",102.3749405
2022-12-01,"TCD_IPI_UC_TREND","M","IT",102.8400226
2023-01-01,"TCD_IPI_UC_TREND","M","IT",102.3704726
2023-02-01,"TCD_IPI_UC_TREND","M","IT",102.3441592
2023-03-01,"TCD_IPI_UC_TREND","M","IT",101.8985579
2023-04-01,"TCD_IPI_UC_TREND","M","IT",100.7568671
2023-05-01,"TCD_IPI_UC_TREND","M","IT",101.8568178
2023-06-01,"TCD_IPI_UC_TREND","M","IT",102.3934788
2023-07-01,"TCD_IPI_UC_TREND","M","IT",102.0607312
2023-08-01,"TCD_IPI_UC_TREND","M","IT",102.3447696
2023-09-01,"TCD_IPI_UC_TREND","M","IT",102.5372855
2023-10-01,"TCD_IPI_UC_TREND","M","IT",102.5157993
2023-11-01,"TCD_IPI_UC_TREND","M","IT",101.7021542
2022-11-01,"TCD_IPI_UC_CYCLE","M","IT",1.19147535
2022-12-01,"TCD_IPI_UC_CYCLE","M","IT",1.426507703
2023-01-01,"TCD_IPI_UC_CYCLE","M","IT",1.292823635
2023-02-01,"TCD_IPI_UC_CYCLE","M","IT",1.195964614
2023-03-01,"TCD_IPI_UC_CYCLE","M","IT",0.902037398
2023-04-01,"TCD_IPI_UC_CYCLE","M","IT",0.363249427
2023-05-01,"TCD_IPI_UC_CYCLE","M","IT",0.462741921
2023-06-01,"TCD_IPI_UC_CYCLE","M","IT",0.382365734
2023-07-01,"TCD_IPI_UC_CYCLE","M","IT",0.027348594
2023-08-01,"TCD_IPI_UC_CYCLE","M","IT",-0.157839433
2023-09-01,"TCD_IPI_UC_CYCLE","M","IT",-0.367845915
2023-10-01,"TCD_IPI_UC_CYCLE","M","IT",-0.62892318
2023-11-01,"TCD_IPI_UC_CYCLE","M","IT",-1.085962002
